frame, timestamp, confidence, success, AU01_r, AU02_r, AU04_r, AU05_r, AU06_r, AU07_r, AU09_r, AU10_r, AU12_r, AU14_r, AU15_r, AU17_r, AU20_r, AU23_r, AU25_r, AU26_r, AU45_r, AU01_c, AU02_c, AU04_c, AU05_c, AU06_c, AU07_c, AU09_c, AU10_c, AU12_c, AU14_c, AU15_c, AU17_c, AU20_c, AU23_c, AU25_c, AU26_c, AU28_c, AU45_c
1,  0.000,  0.00,  0, 0.00, 0.00, 0.00, 0.00, 0.00, 0.00, 0.00, 0.00, 0.00, 0.00, 0.00, 0.00, 0.00, 0.00, 0.00, 0.00, 0.00, 0.00, 0.00, 0.00, 0.00, 0.00, 0.00, 0.00, 0.00, 0.00, 0.00, 0.00, 0.00, 0.00, 0.00, 0.00, 0.00, 0.00, 0.00
2,  0.033,  0.00,  0, 0.00, 0.00, 0.00, 0.00, 0.00, 0.00, 0.00, 0.00, 0.00, 0.00, 0.00, 0.00, 0.00, 0.00, 0.00, 0.00, 0.00, 0.00, 0.00, 0.00, 0.00, 0.00, 0.00, 0.00, 0.00, 0.00, 0.00, 0.00, 0.00, 0.00, 0.00, 0.00, 0.00, 0.00, 0.00
3,  0.067,  0.00,  0, 0.00, 0.00, 0.00, 0.00, 0.00, 0.00, 0.00, 0.00, 0.00, 0.00, 0.00, 0.00, 0.00, 0.00, 0.00, 0.00, 0.00, 0.00, 0.00, 0.00, 0.00, 0.00, 0.00, 0.00, 0.00, 0.00, 0.00, 0.00, 0.00, 0.00, 0.00, 0.00, 0.00, 0.00, 0.00
4,  0.100,  0.00,  0, 0.00, 0.00, 0.00, 0.00, 0.00, 0.00, 0.00, 0.00, 0.00, 0.00, 0.00, 0.00, 0.00, 0.00, 0.00, 0.00, 0.00, 0.00, 0.00, 0.00, 0.00, 0.00, 0.00, 0.00, 0.00, 0.00, 0.00, 0.00, 0.00, 0.00, 0.00, 0.00, 0.00, 0.00, 0.00
5,  0.133,  0.00,  0, 0.00, 0.00, 0.00, 0.00, 0.00, 0.00, 0.00, 0.00, 0.00, 0.00, 0.00, 0.00, 0.00, 0.00, 0.00, 0.00, 0.00, 0.00, 0.00, 0.00, 0.00, 0.00, 0.00, 0.00, 0.00, 0.00, 0.00, 0.00, 0.00, 0.00, 0.00, 0.00, 0.00, 0.00, 0.00
6,  0.167,  0.00,  0, 0.00, 0.00, 0.00, 0.00, 0.00, 0.00, 0.00, 0.00, 0.00, 0.00, 0.00, 0.00, 0.00, 0.00, 0.00, 0.00, 0.00, 0.00, 0.00, 0.00, 0.00, 0.00, 0.00, 0.00, 0.00, 0.00, 0.00, 0.00, 0.00, 0.00, 0.00, 0.00, 0.00, 0.00, 0.00
7,  0.200,  0.00,  0, 0.00, 0.00, 0.00, 0.00, 0.00, 0.00, 0.00, 0.00, 0.00, 0.00, 0.00, 0.00, 0.00, 0.00, 0.00, 0.00, 0.00, 0.00, 0.00, 0.00, 0.00, 0.00, 0.00, 0.00, 0.00, 0.00, 0.00, 0.00, 0.00, 0.00, 0.00, 0.00, 0.00, 0.00, 0.00
8,  0.233,  0.00,  0, 0.00, 0.00, 0.00, 0.00, 0.00, 0.00, 0.00, 0.00, 0.00, 0.00, 0.00, 0.00, 0.00, 0.00, 0.00, 0.00, 0.00, 0.00, 0.00, 0.00, 0.00, 0.00, 0.00, 0.00, 0.00, 0.00, 0.00, 0.00, 0.00, 0.00, 0.00, 0.00, 0.00, 0.00, 0.00
9,  0.267,  0.00,  0, 0.00, 0.00, 0.00, 0.00, 0.00, 0.00, 0.00, 0.00, 0.00, 0.00, 0.00, 0.00, 0.00, 0.00, 0.00, 0.00, 0.00, 0.00, 0.00, 0.00, 0.00, 0.00, 0.00, 0.00, 0.00, 0.00, 0.00, 0.00, 0.00, 0.00, 0.00, 0.00, 0.00, 0.00, 0.00
10,  0.300,  0.00,  0, 0.00, 0.00, 0.00, 0.00, 0.00, 0.00, 0.00, 0.00, 0.00, 0.00, 0.00, 0.00, 0.00, 0.00, 0.00, 0.00, 0.00, 0.00, 0.00, 0.00, 0.00, 0.00, 0.00, 0.00, 0.00, 0.00, 0.00, 0.00, 0.00, 0.00, 0.00, 0.00, 0.00, 0.00, 0.00
11,  0.333,  0.00,  0, 0.00, 0.00, 0.00, 0.00, 0.00, 0.00, 0.00, 0.00, 0.00, 0.00, 0.00, 0.00, 0.00, 0.00, 0.00, 0.00, 0.00, 0.00, 0.00, 0.00, 0.00, 0.00, 0.00, 0.00, 0.00, 0.00, 0.00, 0.00, 0.00, 0.00, 0.00, 0.00, 0.00, 0.00, 0.00
12,  0.367,  0.00,  0, 0.00, 0.00, 0.25, 0.00, 0.05, 0.10, 0.14, 0.56, 0.02, 0.00, 0.01, 0.22, 0.11, 0.33, 0.03, 0.38, 0.00, 0.00, 0.00, 0.00, 0.00, 0.00, 0.00, 0.00, 0.00, 0.00, 0.00, 0.00, 0.00, 0.00, 0.00, 0.00, 0.00, 0.00, 0.00
13,  0.400,  0.98,  1, 0.00, 0.00, 0.60, 0.00, 0.11, 0.14, 0.24, 1.17, 0.06, 0.00, 0.01, 0.41, 0.22, 0.71, 0.14, 0.81, 0.04, 0.00, 0.00, 0.00, 0.00, 0.00, 0.00, 0.00, 0.00, 0.00, 0.00, 0.00, 0.00, 0.00, 0.00, 0.00, 0.00, 0.00, 0.00
14,  0.433,  0.88,  1, 0.00, 0.00, 0.60, 0.00, 0.11, 0.14, 0.24, 1.17, 0.06, 0.00, 0.01, 0.41, 0.22, 0.71, 0.14, 0.81, 0.04, 0.00, 0.00, 0.00, 0.00, 0.00, 0.00, 0.00, 0.00, 0.00, 0.00, 0.00, 0.00, 0.00, 0.00, 0.00, 0.00, 0.00, 0.00
15,  0.467,  0.38,  0, 0.00, 0.00, 0.85, 0.00, 0.09, 0.23, 0.10, 1.12, 0.14, 0.00, 0.00, 0.19, 0.11, 0.80, 0.14, 0.69, 0.29, 0.00, 0.00, 0.00, 0.00, 0.00, 0.00, 0.00, 0.00, 0.00, 0.00, 0.00, 0.00, 0.00, 0.00, 0.00, 0.00, 0.00, 0.00
16,  0.500,  0.98,  1, 0.00, 0.00, 0.96, 0.00, 0.04, 0.42, 0.02, 1.12, 0.18, 0.00, 0.00, 0.06, 0.00, 0.61, 0.09, 0.41, 0.43, 0.00, 0.00, 0.00, 0.00, 0.00, 0.00, 0.00, 0.00, 0.00, 0.00, 0.00, 0.00, 0.00, 0.00, 0.00, 0.00, 0.00, 0.00
17,  0.533,  0.98,  1, 0.00, 0.00, 1.45, 0.00, 0.09, 0.66, 0.07, 1.79, 0.26, 0.01, 0.00, 0.16, 0.00, 0.74, 0.15, 0.55, 0.63, 0.00, 0.00, 0.00, 0.00, 0.00, 0.00, 0.00, 0.00, 0.00, 0.00, 0.00, 0.00, 0.00, 0.00, 0.00, 0.00, 0.00, 0.00
18,  0.567,  0.98,  1, 0.00, 0.06, 1.33, 0.00, 0.08, 1.02, 0.15, 1.97, 0.28, 0.04, 0.00, 0.24, 0.00, 0.44, 0.22, 0.28, 0.51, 0.00, 0.00, 0.00, 0.00, 0.00, 0.00, 0.00, 0.00, 0.00, 0.00, 0.00, 0.00, 0.00, 0.00, 0.00, 0.00, 0.00, 0.00
19,  0.600,  0.98,  1, 0.00, 0.06, 1.29, 0.00, 0.18, 1.37, 0.26, 2.08, 0.29, 0.07, 0.04, 0.27, 0.01, 0.31, 0.24, 0.13, 0.49, 0.00, 0.00, 0.00, 0.00, 0.00, 0.00, 0.00, 0.00, 0.00, 0.00, 0.00, 0.00, 0.00, 0.00, 0.00, 0.00, 0.00, 0.00
20,  0.633,  0.98,  1, 0.00, 0.19, 1.16, 0.00, 0.44, 1.77, 0.31, 2.17, 0.53, 0.06, 0.04, 0.17, 0.01, 0.36, 0.23, 0.06, 0.29, 0.00, 0.00, 0.00, 0.00, 0.00, 0.00, 0.00, 0.00, 0.00, 0.00, 0.00, 0.00, 1.00, 0.00, 0.00, 0.00, 0.00, 1.00
21,  0.667,  0.98,  1, 0.00, 0.14, 1.17, 0.00, 0.68, 1.87, 0.33, 2.21, 0.70, 0.03, 0.04, 0.17, 0.01, 0.35, 0.17, 0.10, 0.16, 0.00, 1.00, 0.00, 0.00, 0.00, 0.00, 0.00, 0.00, 0.00, 0.00, 1.00, 0.00, 1.00, 0.00, 0.00, 0.00, 0.00, 1.00
22,  0.700,  0.98,  1, 0.03, 0.42, 1.07, 0.00, 1.03, 1.92, 0.30, 2.23, 1.00, 0.00, 0.08, 0.40, 0.17, 0.56, 0.08, 0.21, 0.00, 0.00, 1.00, 0.00, 0.00, 0.00, 0.00, 0.00, 0.00, 0.00, 0.00, 1.00, 0.00, 1.00, 0.00, 0.00, 0.00, 0.00, 1.00
23,  0.733,  0.98,  1, 0.07, 0.46, 1.02, 0.00, 1.22, 2.10, 0.41, 2.38, 1.10, 0.00, 0.16, 0.58, 0.37, 0.49, 0.04, 0.21, 0.00, 1.00, 1.00, 0.00, 0.00, 0.00, 1.00, 0.00, 1.00, 0.00, 0.00, 1.00, 0.00, 1.00, 0.00, 0.00, 0.00, 0.00, 1.00
24,  0.767,  0.98,  1, 0.33, 0.53, 0.77, 0.00, 1.54, 2.23, 0.49, 2.59, 1.34, 0.00, 0.36, 0.75, 0.51, 0.51, 0.00, 0.17, 0.00, 1.00, 1.00, 0.00, 0.00, 0.00, 1.00, 0.00, 1.00, 0.00, 0.00, 1.00, 0.00, 1.00, 0.00, 0.00, 0.00, 0.00, 1.00
25,  0.800,  0.98,  1, 0.38, 0.28, 0.64, 0.00, 1.71, 2.44, 0.75, 2.95, 1.45, 0.00, 0.41, 0.67, 0.60, 0.26, 0.00, 0.06, 0.00, 1.00, 1.00, 0.00, 0.00, 0.00, 1.00, 0.00, 1.00, 0.00, 0.00, 1.00, 0.00, 1.00, 0.00, 0.00, 0.00, 0.00, 1.00
26,  0.833,  0.98,  1, 0.93, 0.16, 0.33, 0.00, 1.74, 2.49, 0.92, 3.03, 1.51, 0.00, 0.46, 0.80, 0.58, 0.20, 0.00, 0.00, 0.00, 1.00, 1.00, 0.00, 0.00, 1.00, 1.00, 0.00, 1.00, 0.00, 0.00, 1.00, 0.00, 1.00, 1.00, 0.00, 0.00, 0.00, 1.00
27,  0.867,  0.98,  1, 0.99, 0.07, 0.19, 0.00, 1.78, 2.46, 1.15, 3.19, 1.51, 0.00, 0.50, 0.77, 0.77, 0.08, 0.00, 0.00, 0.00, 1.00, 1.00, 0.00, 0.00, 1.00, 1.00, 0.00, 1.00, 0.00, 0.00, 1.00, 0.00, 1.00, 1.00, 0.00, 0.00, 0.00, 1.00
28,  0.900,  0.98,  1, 1.82, 0.22, 0.00, 0.00, 1.71, 2.59, 1.33, 2.94, 1.54, 0.00, 0.60, 0.76, 0.73, 0.06, 0.00, 0.00, 0.00, 1.00, 1.00, 0.00, 0.00, 1.00, 1.00, 1.00, 1.00, 0.00, 0.00, 1.00, 0.00, 1.00, 1.00, 0.00, 0.00, 0.00, 1.00
29,  0.933,  0.98,  1, 2.13, 0.29, 0.00, 0.00, 1.72, 2.83, 1.57, 2.72, 1.53, 0.00, 0.80, 0.71, 0.56, 0.00, 0.00, 0.00, 0.00, 1.00, 1.00, 0.00, 0.00, 1.00, 1.00, 1.00, 1.00, 0.00, 0.00, 0.00, 0.00, 1.00, 1.00, 0.00, 0.00, 0.00, 1.00
30,  0.967,  0.98,  1, 2.53, 0.29, 0.00, 0.00, 1.58, 2.97, 1.87, 2.31, 1.43, 0.00, 0.80, 0.97, 0.22, 0.00, 0.00, 0.00, 0.11, 1.00, 1.00, 0.00, 0.00, 1.00, 1.00, 1.00, 1.00, 0.00, 0.00, 0.00, 0.00, 0.00, 1.00, 0.00, 0.00, 0.00, 1.00
31,  1.000,  0.98,  1, 2.19, 0.11, 0.00, 0.00, 1.38, 2.64, 1.94, 2.06, 1.14, 0.00, 0.83, 1.57, 0.00, 0.12, 0.00, 0.00, 0.11, 1.00, 1.00, 0.00, 0.00, 1.00, 1.00, 1.00, 1.00, 0.00, 0.00, 0.00, 0.00, 0.00, 1.00, 0.00, 0.00, 0.00, 1.00
32,  1.033,  0.98,  1, 1.95, 0.07, 0.00, 0.00, 1.28, 2.13, 1.98, 1.96, 0.98, 0.00, 0.85, 1.98, 0.00, 0.12, 0.00, 0.00, 0.20, 1.00, 1.00, 0.00, 0.00, 1.00, 1.00, 1.00, 1.00, 0.00, 0.00, 0.00, 0.00, 0.00, 1.00, 0.00, 0.00, 0.00, 1.00
33,  1.067,  0.98,  1, 2.08, 0.07, 0.00, 0.00, 1.16, 1.89, 2.03, 1.95, 0.83, 0.00, 0.93, 2.34, 0.00, 0.12, 0.00, 0.00, 0.64, 1.00, 1.00, 0.00, 0.00, 1.00, 0.00, 1.00, 1.00, 0.00, 0.00, 0.00, 0.00, 0.00, 1.00, 0.00, 0.00, 0.00, 1.00
34,  1.100,  0.98,  1, 2.48, 0.46, 0.00, 0.00, 1.34, 2.08, 2.13, 2.03, 0.90, 0.02, 1.16, 2.25, 0.00, 0.00, 0.00, 0.00, 1.33, 1.00, 1.00, 0.00, 0.00, 1.00, 0.00, 1.00, 1.00, 0.00, 0.00, 0.00, 0.00, 0.00, 1.00, 0.00, 0.00, 0.00, 1.00
35,  1.133,  0.98,  1, 2.94, 0.63, 0.00, 0.00, 1.42, 2.44, 2.10, 2.08, 0.88, 0.02, 1.29, 2.20, 0.00, 0.00, 0.00, 0.00, 1.83, 1.00, 1.00, 0.00, 0.00, 1.00, 0.00, 1.00, 1.00, 0.00, 0.00, 0.00, 0.00, 0.00, 1.00, 0.00, 0.00, 0.00, 1.00
36,  1.167,  0.98,  1, 3.21, 0.87, 0.00, 0.00, 1.68, 2.92, 2.03, 2.16, 0.95, 0.02, 1.62, 1.95, 0.00, 0.00, 0.00, 0.00, 1.86, 1.00, 1.00, 0.00, 0.00, 1.00, 0.00, 1.00, 1.00, 0.00, 0.00, 0.00, 0.00, 0.00, 1.00, 0.00, 0.00, 0.00, 1.00
37,  1.200,  0.98,  1, 3.41, 0.49, 0.00, 0.00, 1.55, 2.82, 1.90, 2.08, 0.92, 0.00, 1.82, 1.85, 0.00, 0.00, 0.00, 0.00, 1.54, 1.00, 1.00, 1.00, 0.00, 1.00, 0.00, 1.00, 1.00, 0.00, 0.00, 0.00, 0.00, 0.00, 1.00, 0.00, 0.00, 0.00, 1.00
38,  1.233,  0.98,  1, 3.49, 0.32, 0.00, 0.00, 1.47, 2.46, 1.91, 2.05, 0.94, 0.00, 2.01, 1.87, 0.00, 0.00, 0.00, 0.00, 1.40, 1.00, 1.00, 1.00, 0.00, 1.00, 0.00, 1.00, 0.00, 0.00, 0.00, 0.00, 0.00, 0.00, 1.00, 0.00, 0.00, 0.00, 1.00
39,  1.267,  0.98,  1, 3.64, 0.08, 0.00, 0.00, 1.10, 1.44, 1.63, 1.90, 0.83, 0.00, 2.01, 1.94, 0.00, 0.00, 0.00, 0.00, 1.47, 1.00, 1.00, 1.00, 0.00, 1.00, 0.00, 1.00, 0.00, 0.00, 0.00, 1.00, 0.00, 0.00, 1.00, 0.00, 0.00, 0.00, 1.00
40,  1.300,  0.98,  1, 3.64, 0.08, 0.00, 0.00, 1.01, 0.72, 1.50, 1.91, 0.76, 0.00, 2.00, 1.91, 0.00, 0.00, 0.00, 0.00, 1.56, 1.00, 1.00, 1.00, 0.00, 1.00, 0.00, 1.00, 0.00, 0.00, 0.00, 1.00, 0.00, 0.00, 0.00, 0.00, 0.00, 0.00, 1.00
41,  1.333,  0.98,  1, 3.51, 0.00, 0.00, 0.00, 0.96, 0.28, 1.41, 1.82, 0.72, 0.00, 1.92, 1.84, 0.00, 0.00, 0.00, 0.00, 1.47, 1.00, 1.00, 1.00, 0.00, 1.00, 0.00, 1.00, 0.00, 0.00, 0.00, 1.00, 0.00, 0.00, 0.00, 0.00, 0.00, 0.00, 1.00
42,  1.367,  0.98,  1, 3.40, 0.00, 0.00, 0.00, 1.12, 0.51, 1.58, 1.82, 0.73, 0.00, 1.77, 1.75, 0.00, 0.00, 0.00, 0.00, 1.09, 1.00, 1.00, 1.00, 0.00, 1.00, 0.00, 1.00, 0.00, 0.00, 0.00, 1.00, 0.00, 0.00, 0.00, 0.00, 0.00, 0.00, 1.00
43,  1.400,  0.98,  1, 3.29, 0.03, 0.00, 0.00, 1.21, 0.73, 1.62, 1.79, 0.77, 0.01, 1.59, 1.66, 0.00, 0.00, 0.00, 0.00, 0.98, 1.00, 1.00, 1.00, 0.00, 1.00, 0.00, 1.00, 0.00, 0.00, 0.00, 1.00, 0.00, 0.00, 0.00, 0.00, 0.00, 0.00, 1.00
44,  1.433,  0.98,  1, 3.33, 0.03, 0.00, 0.00, 1.19, 0.57, 1.50, 1.83, 0.68, 0.11, 1.40, 1.48, 0.00, 0.00, 0.00, 0.00, 0.65, 1.00, 1.00, 1.00, 0.00, 1.00, 0.00, 1.00, 0.00, 0.00, 0.00, 1.00, 0.00, 0.00, 0.00, 0.00, 0.00, 0.00, 1.00
45,  1.467,  0.98,  1, 3.30, 0.10, 0.00, 0.00, 1.11, 0.35, 1.37, 1.81, 0.65, 0.27, 1.32, 1.36, 0.00, 0.00, 0.00, 0.00, 0.41, 1.00, 1.00, 1.00, 0.00, 1.00, 0.00, 1.00, 0.00, 0.00, 0.00, 1.00, 0.00, 0.00, 0.00, 0.00, 0.00, 0.00, 1.00
46,  1.500,  0.98,  1, 3.34, 0.18, 0.00, 0.00, 1.03, 0.13, 1.27, 1.78, 0.56, 0.35, 1.19, 1.19, 0.00, 0.00, 0.02, 0.00, 0.06, 1.00, 1.00, 1.00, 0.00, 1.00, 0.00, 1.00, 0.00, 0.00, 0.00, 1.00, 0.00, 0.00, 0.00, 0.00, 0.00, 0.00, 1.00
47,  1.533,  0.98,  1, 3.30, 0.35, 0.00, 0.00, 0.96, 0.13, 1.23, 1.71, 0.56, 0.41, 1.18, 1.10, 0.00, 0.00, 0.11, 0.00, 0.02, 1.00, 1.00, 1.00, 0.00, 0.00, 0.00, 0.00, 0.00, 0.00, 0.00, 1.00, 0.00, 0.00, 0.00, 0.00, 0.00, 0.00, 1.00
48,  1.567,  0.88,  1, 3.02, 0.36, 0.00, 0.00, 0.91, 0.00, 1.05, 1.80, 0.56, 0.30, 1.07, 0.91, 0.00, 0.00, 0.16, 0.00, 0.01, 1.00, 1.00, 0.00, 0.00, 0.00, 0.00, 0.00, 0.00, 0.00, 0.00, 1.00, 0.00, 0.00, 0.00, 0.00, 0.00, 0.00, 1.00
49,  1.600,  0.98,  1, 2.61, 0.25, 0.00, 0.00, 0.93, 0.07, 0.96, 1.89, 0.57, 0.21, 1.06, 0.80, 0.00, 0.00, 0.15, 0.03, 0.05, 1.00, 1.00, 0.00, 0.00, 0.00, 0.00, 0.00, 0.00, 0.00, 0.00, 1.00, 0.00, 0.00, 0.00, 0.00, 0.00, 0.00, 1.00
50,  1.633,  0.98,  1, 2.11, 0.17, 0.00, 0.00, 0.93, 0.07, 0.78, 1.99, 0.61, 0.05, 1.02, 0.77, 0.00, 0.00, 0.22, 0.10, 0.05, 1.00, 1.00, 0.00, 0.00, 0.00, 0.00, 0.00, 0.00, 0.00, 0.00, 1.00, 0.00, 0.00, 0.00, 0.00, 0.00, 0.00, 1.00
51,  1.667,  0.98,  1, 1.45, 0.09, 0.21, 0.00, 1.00, 0.14, 0.67, 1.93, 0.64, 0.03, 0.98, 0.70, 0.04, 0.00, 0.48, 0.24, 0.05, 1.00, 1.00, 0.00, 0.00, 0.00, 0.00, 0.00, 0.00, 0.00, 0.00, 1.00, 0.00, 0.00, 0.00, 1.00, 0.00, 0.00, 1.00
52,  1.700,  0.98,  1, 0.76, 0.09, 0.63, 0.00, 0.86, 0.10, 0.37, 1.72, 0.46, 0.08, 0.63, 0.53, 0.04, 0.00, 0.99, 0.69, 0.03, 1.00, 0.00, 0.00, 0.00, 0.00, 0.00, 0.00, 0.00, 0.00, 0.00, 1.00, 0.00, 0.00, 0.00, 1.00, 0.00, 0.00, 1.00
53,  1.733,  0.98,  1, 0.19, 0.00, 1.03, 0.00, 0.72, 0.10, 0.16, 1.46, 0.23, 0.20, 0.27, 0.42, 0.04, 0.00, 1.38, 1.20, 0.05, 0.00, 0.00, 0.00, 0.00, 0.00, 0.00, 0.00, 0.00, 0.00, 0.00, 0.00, 0.00, 0.00, 0.00, 1.00, 0.00, 0.00, 0.00
54,  1.767,  0.98,  1, 0.03, 0.00, 1.18, 0.00, 0.47, 0.04, 0.00, 1.19, 0.00, 0.22, 0.00, 0.33, 0.00, 0.00, 1.68, 1.65, 0.13, 0.00, 0.00, 0.00, 1.00, 0.00, 0.00, 0.00, 0.00, 0.00, 0.00, 0.00, 0.00, 0.00, 0.00, 1.00, 0.00, 0.00, 0.00
55,  1.800,  0.98,  1, 0.05, 0.00, 1.11, 0.00, 0.37, 0.00, 0.00, 1.08, 0.00, 0.26, 0.00, 0.39, 0.00, 0.00, 1.75, 1.72, 0.10, 0.00, 0.00, 0.00, 1.00, 0.00, 0.00, 0.00, 0.00, 0.00, 0.00, 0.00, 0.00, 0.00, 0.00, 1.00, 0.00, 0.00, 0.00
56,  1.833,  0.98,  1, 0.15, 0.00, 1.09, 0.00, 0.32, 0.00, 0.00, 1.08, 0.00, 0.26, 0.00, 0.37, 0.00, 0.00, 1.81, 1.75, 0.08, 0.00, 0.00, 0.00, 1.00, 0.00, 0.00, 0.00, 0.00, 0.00, 0.00, 0.00, 0.00, 0.00, 0.00, 1.00, 0.00, 0.00, 0.00
57,  1.867,  0.98,  1, 0.25, 0.00, 1.02, 0.00, 0.30, 0.00, 0.00, 1.17, 0.00, 0.33, 0.00, 0.43, 0.00, 0.00, 1.78, 1.65, 0.06, 0.00, 0.00, 0.00, 1.00, 0.00, 0.00, 0.00, 0.00, 0.00, 0.00, 0.00, 0.00, 0.00, 0.00, 1.00, 0.00, 0.00, 0.00
58,  1.900,  0.98,  1, 0.35, 0.00, 0.97, 0.01, 0.25, 0.00, 0.00, 1.23, 0.00, 0.32, 0.00, 0.47, 0.00, 0.00, 1.76, 1.57, 0.17, 0.00, 0.00, 0.00, 1.00, 0.00, 0.00, 0.00, 0.00, 0.00, 0.00, 0.00, 0.00, 0.00, 0.00, 1.00, 0.00, 0.00, 0.00
59,  1.933,  0.98,  1, 0.31, 0.01, 0.87, 0.03, 0.25, 0.00, 0.00, 1.20, 0.00, 0.27, 0.00, 0.43, 0.00, 0.00, 1.55, 1.22, 0.17, 0.00, 0.00, 0.00, 1.00, 0.00, 0.00, 0.00, 0.00, 0.00, 0.00, 0.00, 0.00, 0.00, 0.00, 1.00, 0.00, 0.00, 0.00
60,  1.967,  0.98,  1, 0.20, 0.01, 0.85, 0.03, 0.30, 0.00, 0.00, 0.91, 0.00, 0.48, 0.00, 0.27, 0.00, 0.00, 1.15, 0.88, 0.10, 0.00, 0.00, 0.00, 1.00, 0.00, 0.00, 0.00, 0.00, 0.00, 0.00, 0.00, 0.00, 0.00, 0.00, 1.00, 0.00, 0.00, 0.00
61,  2.000,  0.98,  1, 0.07, 0.04, 0.84, 0.02, 0.39, 0.00, 0.00, 0.68, 0.00, 0.74, 0.00, 0.10, 0.00, 0.01, 0.73, 0.56, 0.03, 0.00, 0.00, 0.00, 0.00, 0.00, 0.00, 0.00, 0.00, 0.00, 1.00, 0.00, 0.00, 0.00, 0.00, 0.00, 0.00, 0.00, 0.00
62,  2.033,  0.98,  1, 0.01, 0.10, 0.73, 0.00, 0.59, 0.00, 0.00, 0.32, 0.24, 1.38, 0.00, 0.00, 0.00, 0.23, 0.33, 0.29, 0.08, 0.00, 0.00, 0.00, 0.00, 0.00, 0.00, 0.00, 0.00, 0.00, 1.00, 0.00, 0.00, 0.00, 0.00, 0.00, 0.00, 0.00, 0.00
63,  2.067,  0.98,  1, 0.00, 0.19, 0.61, 0.00, 0.75, 0.00, 0.00, 0.21, 0.48, 1.77, 0.00, 0.00, 0.03, 0.48, 0.16, 0.14, 0.19, 0.00, 0.00, 0.00, 0.00, 0.00, 0.00, 0.00, 0.00, 0.00, 1.00, 0.00, 0.00, 0.00, 0.00, 0.00, 0.00, 0.00, 0.00
64,  2.100,  0.98,  1, 0.00, 0.26, 0.47, 0.00, 0.97, 0.00, 0.00, 0.05, 0.85, 2.24, 0.00, 0.00, 0.03, 0.81, 0.04, 0.02, 0.37, 0.00, 0.00, 0.00, 0.00, 0.00, 0.00, 0.00, 0.00, 0.00, 1.00, 0.00, 0.00, 0.00, 0.00, 0.00, 0.00, 0.00, 0.00
65,  2.133,  0.98,  1, 0.00, 0.26, 0.43, 0.00, 1.08, 0.00, 0.00, 0.10, 1.00, 2.33, 0.00, 0.00, 0.11, 0.95, 0.09, 0.02, 0.48, 0.00, 0.00, 0.00, 0.00, 0.00, 0.00, 0.00, 0.00, 0.00, 1.00, 0.00, 0.00, 1.00, 0.00, 0.00, 0.00, 0.00, 0.00
66,  2.167,  0.98,  1, 0.00, 0.21, 0.39, 0.00, 1.17, 0.00, 0.00, 0.08, 1.16, 2.41, 0.00, 0.00, 0.13, 1.08, 0.09, 0.02, 0.56, 0.00, 0.00, 0.00, 0.00, 0.00, 0.00, 0.00, 0.00, 0.00, 1.00, 0.00, 0.00, 1.00, 0.00, 0.00, 0.00, 0.00, 0.00
67,  2.200,  0.98,  1, 0.00, 0.11, 0.42, 0.00, 1.22, 0.00, 0.00, 0.12, 1.19, 2.34, 0.00, 0.00, 0.19, 1.10, 0.05, 0.00, 0.57, 0.00, 0.00, 0.00, 0.00, 0.00, 0.00, 0.00, 0.00, 0.00, 1.00, 0.00, 0.00, 1.00, 0.00, 0.00, 0.00, 0.00, 0.00
68,  2.233,  0.98,  1, 0.00, 0.10, 0.45, 0.00, 1.23, 0.00, 0.00, 0.06, 1.21, 2.32, 0.00, 0.00, 0.17, 1.08, 0.00, 0.00, 0.62, 0.00, 0.00, 0.00, 0.00, 0.00, 0.00, 0.00, 0.00, 0.00, 1.00, 0.00, 0.00, 1.00, 0.00, 0.00, 0.00, 0.00, 0.00
69,  2.267,  0.98,  1, 0.00, 0.12, 0.50, 0.00, 1.23, 0.00, 0.00, 0.05, 1.21, 2.34, 0.00, 0.00, 0.15, 1.05, 0.01, 0.00, 0.67, 0.00, 0.00, 0.00, 0.00, 0.00, 0.00, 0.00, 0.00, 0.00, 1.00, 0.00, 0.00, 1.00, 0.00, 0.00, 0.00, 0.00, 0.00
70,  2.300,  0.98,  1, 0.00, 0.18, 0.51, 0.00, 1.22, 0.00, 0.00, 0.00, 1.21, 2.41, 0.00, 0.00, 0.12, 1.02, 0.01, 0.00, 0.62, 0.00, 0.00, 0.00, 0.00, 0.00, 0.00, 0.00, 0.00, 0.00, 1.00, 0.00, 0.00, 1.00, 0.00, 0.00, 0.00, 0.00, 0.00
71,  2.333,  0.98,  1, 0.00, 0.25, 0.55, 0.00, 1.23, 0.00, 0.00, 0.00, 1.25, 2.50, 0.00, 0.00, 0.16, 1.02, 0.01, 0.00, 0.65, 0.00, 0.00, 0.00, 0.00, 0.00, 0.00, 0.00, 0.00, 0.00, 1.00, 0.00, 0.00, 1.00, 0.00, 0.00, 0.00, 0.00, 0.00
72,  2.367,  0.98,  1, 0.00, 0.22, 0.53, 0.00, 1.21, 0.00, 0.00, 0.00, 1.24, 2.49, 0.00, 0.00, 0.14, 1.05, 0.00, 0.00, 0.62, 0.00, 0.00, 0.00, 0.00, 0.00, 0.00, 0.00, 0.00, 1.00, 1.00, 0.00, 0.00, 1.00, 0.00, 0.00, 0.00, 0.00, 0.00
73,  2.400,  0.98,  1, 0.00, 0.23, 0.51, 0.00, 1.18, 0.00, 0.00, 0.01, 1.24, 2.50, 0.00, 0.00, 0.12, 1.07, 0.00, 0.00, 0.68, 0.00, 0.00, 0.00, 0.00, 0.00, 0.00, 0.00, 0.00, 1.00, 1.00, 0.00, 0.00, 1.00, 0.00, 0.00, 0.00, 0.00, 0.00
74,  2.433,  0.98,  1, 0.00, 0.16, 0.47, 0.00, 1.16, 0.00, 0.00, 0.03, 1.22, 2.45, 0.00, 0.00, 0.02, 1.11, 0.00, 0.00, 0.71, 0.00, 0.00, 0.00, 0.00, 0.00, 0.00, 0.00, 0.00, 1.00, 1.00, 0.00, 0.00, 1.00, 0.00, 0.00, 0.00, 0.00, 0.00
75,  2.467,  0.98,  1, 0.00, 0.27, 0.45, 0.00, 1.15, 0.00, 0.00, 0.05, 1.25, 2.50, 0.00, 0.00, 0.01, 1.12, 0.00, 0.00, 0.73, 0.00, 0.00, 0.00, 0.00, 0.00, 0.00, 0.00, 0.00, 1.00, 1.00, 0.00, 0.00, 1.00, 0.00, 0.00, 0.00, 0.00, 0.00
76,  2.500,  0.98,  1, 0.00, 0.20, 0.42, 0.00, 1.14, 0.00, 0.00, 0.04, 1.25, 2.55, 0.00, 0.00, 0.00, 1.15, 0.00, 0.00, 0.73, 0.00, 0.00, 0.00, 0.00, 0.00, 0.00, 0.00, 0.00, 1.00, 1.00, 0.00, 0.00, 1.00, 0.00, 0.00, 0.00, 0.00, 0.00
77,  2.533,  0.98,  1, 0.00, 0.19, 0.43, 0.00, 1.13, 0.00, 0.00, 0.02, 1.25, 2.59, 0.00, 0.00, 0.00, 1.16, 0.00, 0.00, 0.73, 0.00, 0.00, 0.00, 0.00, 0.00, 0.00, 0.00, 0.00, 1.00, 1.00, 0.00, 0.00, 1.00, 0.00, 0.00, 0.00, 0.00, 0.00
78,  2.567,  0.98,  1, 0.00, 0.13, 0.43, 0.00, 1.10, 0.00, 0.00, 0.02, 1.24, 2.58, 0.00, 0.00, 0.00, 1.17, 0.00, 0.00, 0.82, 0.00, 0.00, 0.00, 0.00, 0.00, 0.00, 0.00, 0.00, 1.00, 1.00, 0.00, 0.00, 1.00, 0.00, 0.00, 0.00, 0.00, 0.00
79,  2.600,  0.98,  1, 0.00, 0.21, 0.47, 0.00, 1.08, 0.00, 0.00, 0.02, 1.26, 2.54, 0.00, 0.00, 0.00, 1.14, 0.00, 0.00, 0.86, 0.00, 0.00, 0.00, 0.00, 0.00, 0.00, 0.00, 0.00, 1.00, 1.00, 0.00, 0.00, 1.00, 0.00, 0.00, 0.00, 0.00, 0.00
80,  2.633,  0.98,  1, 0.00, 0.16, 0.53, 0.00, 1.06, 0.00, 0.00, 0.01, 1.19, 2.48, 0.00, 0.00, 0.00, 1.11, 0.00, 0.00, 0.96, 0.00, 0.00, 0.00, 0.00, 0.00, 0.00, 0.00, 0.00, 1.00, 1.00, 0.00, 0.00, 1.00, 0.00, 0.00, 0.00, 0.00, 0.00
81,  2.667,  0.98,  1, 0.04, 0.14, 0.58, 0.00, 1.06, 0.00, 0.00, 0.00, 1.09, 2.43, 0.00, 0.00, 0.00, 1.02, 0.00, 0.00, 0.91, 0.00, 0.00, 0.00, 0.00, 0.00, 0.00, 0.00, 0.00, 0.00, 1.00, 0.00, 0.00, 1.00, 0.00, 0.00, 0.00, 0.00, 0.00
82,  2.700,  0.98,  1, 0.09, 0.10, 0.60, 0.00, 1.04, 0.00, 0.00, 0.00, 0.94, 2.32, 0.00, 0.00, 0.00, 0.95, 0.00, 0.00, 0.93, 1.00, 0.00, 0.00, 0.00, 0.00, 0.00, 0.00, 0.00, 0.00, 1.00, 0.00, 0.00, 0.00, 0.00, 0.00, 0.00, 0.00, 0.00
83,  2.733,  0.98,  1, 0.24, 0.17, 0.59, 0.00, 0.90, 0.00, 0.00, 0.04, 0.63, 1.93, 0.00, 0.00, 0.00, 0.76, 0.13, 0.00, 0.74, 1.00, 0.00, 0.00, 0.00, 0.00, 0.00, 0.00, 0.00, 0.00, 1.00, 0.00, 0.00, 0.00, 0.00, 0.00, 0.00, 0.00, 0.00
84,  2.767,  0.98,  1, 0.30, 0.13, 0.58, 0.00, 0.80, 0.00, 0.00, 0.11, 0.37, 1.50, 0.00, 0.00, 0.00, 0.60, 0.26, 0.00, 0.75, 1.00, 0.00, 0.00, 0.00, 0.00, 0.00, 0.00, 0.00, 0.00, 1.00, 0.00, 0.00, 0.00, 0.00, 0.00, 0.00, 0.00, 0.00
85,  2.800,  0.98,  1, 0.39, 0.11, 0.66, 0.00, 0.62, 0.00, 0.00, 0.40, 0.09, 1.03, 0.00, 0.00, 0.00, 0.31, 0.40, 0.08, 0.61, 1.00, 0.00, 0.00, 0.00, 0.00, 0.00, 0.00, 0.00, 0.00, 1.00, 0.00, 0.00, 0.00, 0.00, 0.00, 0.00, 0.00, 0.00
86,  2.833,  0.98,  1, 0.36, 0.06, 0.69, 0.00, 0.53, 0.00, 0.00, 0.65, 0.04, 0.86, 0.00, 0.00, 0.00, 0.17, 0.43, 0.12, 0.54, 0.00, 0.00, 0.00, 0.00, 0.00, 0.00, 0.00, 0.00, 0.00, 0.00, 0.00, 0.00, 0.00, 0.00, 0.00, 0.00, 0.00, 0.00
87,  2.867,  0.98,  1, 0.32, 0.03, 0.69, 0.00, 0.42, 0.00, 0.00, 0.97, 0.00, 0.76, 0.00, 0.04, 0.00, 0.05, 0.82, 0.47, 0.54, 0.00, 0.00, 0.00, 0.00, 0.00, 0.00, 0.00, 0.00, 0.00, 0.00, 0.00, 0.00, 0.00, 0.00, 0.00, 0.00, 0.00, 0.00
88,  2.900,  0.98,  1, 0.30, 0.01, 0.61, 0.00, 0.38, 0.00, 0.00, 1.12, 0.00, 0.71, 0.00, 0.09, 0.00, 0.08, 1.20, 0.78, 0.66, 0.00, 0.00, 0.00, 1.00, 0.00, 0.00, 0.00, 0.00, 0.00, 0.00, 0.00, 0.00, 0.00, 0.00, 1.00, 1.00, 0.00, 1.00
89,  2.933,  0.98,  1, 0.22, 0.00, 0.72, 0.00, 0.45, 0.00, 0.00, 1.34, 0.00, 0.84, 0.00, 0.19, 0.00, 0.05, 1.98, 1.55, 0.56, 0.00, 0.00, 0.00, 1.00, 0.00, 0.00, 0.00, 0.00, 0.00, 0.00, 0.00, 0.00, 0.00, 0.00, 1.00, 1.00, 0.00, 1.00
90,  2.967,  0.98,  1, 0.24, 0.00, 0.86, 0.00, 0.48, 0.00, 0.00, 1.43, 0.00, 0.93, 0.00, 0.23, 0.00, 0.04, 2.43, 1.96, 0.32, 0.00, 0.00, 0.00, 1.00, 0.00, 0.00, 0.00, 0.00, 0.00, 0.00, 0.00, 0.00, 0.00, 0.00, 1.00, 1.00, 0.00, 1.00
91,  3.000,  0.98,  1, 0.23, 0.00, 0.98, 0.00, 0.48, 0.00, 0.00, 1.40, 0.00, 0.98, 0.00, 0.29, 0.00, 0.00, 2.96, 2.33, 0.05, 0.00, 0.00, 0.00, 1.00, 0.00, 0.00, 0.00, 0.00, 0.00, 0.00, 0.00, 0.00, 0.00, 0.00, 1.00, 1.00, 0.00, 1.00
92,  3.033,  0.98,  1, 0.33, 0.00, 1.01, 0.00, 0.41, 0.00, 0.00, 1.33, 0.00, 0.88, 0.00, 0.27, 0.00, 0.00, 3.06, 2.24, 0.05, 1.00, 0.00, 0.00, 1.00, 0.00, 0.00, 0.00, 0.00, 0.00, 0.00, 0.00, 0.00, 0.00, 0.00, 1.00, 1.00, 0.00, 1.00
93,  3.067,  0.98,  1, 0.46, 0.00, 1.01, 0.04, 0.39, 0.00, 0.00, 1.27, 0.00, 0.88, 0.00, 0.25, 0.00, 0.00, 3.18, 2.21, 0.00, 1.00, 0.00, 0.00, 1.00, 0.00, 0.00, 0.00, 0.00, 0.00, 0.00, 0.00, 0.00, 0.00, 0.00, 1.00, 1.00, 0.00, 1.00
94,  3.100,  0.98,  1, 0.56, 0.00, 1.05, 0.11, 0.41, 0.00, 0.00, 1.22, 0.00, 0.87, 0.00, 0.22, 0.00, 0.00, 3.14, 2.14, 0.00, 1.00, 0.00, 0.00, 1.00, 0.00, 0.00, 0.00, 0.00, 0.00, 0.00, 0.00, 0.00, 0.00, 0.00, 1.00, 1.00, 0.00, 1.00
95,  3.133,  0.98,  1, 0.69, 0.00, 1.06, 0.15, 0.40, 0.00, 0.00, 1.22, 0.00, 0.83, 0.00, 0.24, 0.00, 0.00, 3.13, 2.03, 0.00, 1.00, 0.00, 0.00, 1.00, 0.00, 0.00, 0.00, 0.00, 0.00, 0.00, 0.00, 0.00, 0.00, 0.00, 1.00, 1.00, 0.00, 1.00
96,  3.167,  0.98,  1, 0.76, 0.00, 1.11, 0.18, 0.35, 0.00, 0.00, 1.15, 0.00, 0.63, 0.00, 0.19, 0.00, 0.00, 3.03, 2.01, 0.07, 1.00, 0.00, 0.00, 1.00, 0.00, 0.00, 0.00, 0.00, 0.00, 0.00, 0.00, 0.00, 0.00, 0.00, 1.00, 1.00, 0.00, 1.00
97,  3.200,  0.98,  1, 0.84, 0.00, 1.11, 0.21, 0.32, 0.00, 0.00, 1.19, 0.00, 0.61, 0.00, 0.33, 0.00, 0.00, 3.05, 1.96, 0.16, 1.00, 0.00, 0.00, 1.00, 0.00, 0.00, 0.00, 0.00, 0.00, 0.00, 0.00, 0.00, 0.00, 0.00, 1.00, 1.00, 0.00, 1.00
98,  3.233,  0.98,  1, 0.87, 0.00, 1.12, 0.23, 0.33, 0.00, 0.00, 1.08, 0.00, 0.57, 0.00, 0.40, 0.00, 0.00, 3.05, 1.90, 0.19, 1.00, 0.00, 0.00, 1.00, 0.00, 0.00, 0.00, 0.00, 0.00, 0.00, 0.00, 0.00, 0.00, 0.00, 1.00, 1.00, 0.00, 1.00
99,  3.267,  0.98,  1, 0.89, 0.00, 1.14, 0.26, 0.36, 0.00, 0.00, 1.13, 0.00, 0.59, 0.00, 0.52, 0.00, 0.00, 3.16, 1.79, 0.22, 1.00, 0.00, 0.00, 1.00, 0.00, 0.00, 0.00, 0.00, 0.00, 0.00, 0.00, 0.00, 0.00, 0.00, 1.00, 1.00, 0.00, 1.00
100,  3.300,  0.98,  1, 0.90, 0.00, 1.13, 0.24, 0.36, 0.00, 0.00, 1.07, 0.00, 0.56, 0.00, 0.47, 0.00, 0.00, 3.08, 1.73, 0.15, 1.00, 0.00, 0.00, 1.00, 0.00, 0.00, 0.00, 0.00, 0.00, 0.00, 0.00, 0.00, 0.00, 0.00, 1.00, 1.00, 0.00, 1.00
101,  3.333,  0.98,  1, 0.89, 0.00, 1.14, 0.31, 0.36, 0.00, 0.00, 1.17, 0.00, 0.63, 0.00, 0.52, 0.00, 0.00, 3.11, 1.79, 0.14, 1.00, 0.00, 0.00, 1.00, 0.00, 0.00, 0.00, 0.00, 0.00, 0.00, 0.00, 0.00, 0.00, 0.00, 1.00, 1.00, 0.00, 1.00
102,  3.367,  0.98,  1, 0.87, 0.00, 1.12, 0.35, 0.36, 0.00, 0.00, 1.13, 0.00, 0.65, 0.00, 0.59, 0.00, 0.00, 3.03, 1.73, 0.05, 1.00, 0.00, 0.00, 1.00, 0.00, 0.00, 0.00, 0.00, 0.00, 0.00, 0.00, 0.00, 0.00, 0.00, 1.00, 1.00, 0.00, 1.00
103,  3.400,  0.98,  1, 0.81, 0.00, 1.10, 0.33, 0.37, 0.00, 0.00, 1.23, 0.00, 0.70, 0.00, 0.65, 0.00, 0.00, 3.15, 1.73, 0.01, 1.00, 0.00, 0.00, 1.00, 0.00, 0.00, 0.00, 0.00, 0.00, 0.00, 0.00, 0.00, 0.00, 0.00, 1.00, 1.00, 0.00, 1.00
104,  3.433,  0.98,  1, 0.75, 0.00, 1.10, 0.33, 0.35, 0.00, 0.00, 1.23, 0.00, 0.65, 0.00, 0.64, 0.00, 0.00, 3.18, 1.69, 0.13, 1.00, 0.00, 0.00, 1.00, 0.00, 0.00, 0.00, 0.00, 0.00, 0.00, 0.00, 0.00, 0.00, 0.00, 1.00, 1.00, 0.00, 1.00
105,  3.467,  0.98,  1, 0.63, 0.00, 1.07, 0.32, 0.34, 0.00, 0.00, 1.30, 0.00, 0.75, 0.00, 0.65, 0.00, 0.00, 3.21, 1.77, 0.13, 1.00, 0.00, 0.00, 1.00, 0.00, 0.00, 0.00, 0.00, 0.00, 0.00, 0.00, 0.00, 0.00, 0.00, 1.00, 1.00, 0.00, 1.00
106,  3.500,  0.98,  1, 0.57, 0.00, 1.11, 0.45, 0.34, 0.00, 0.00, 1.23, 0.00, 0.78, 0.00, 0.70, 0.00, 0.00, 3.17, 1.82, 0.13, 1.00, 0.00, 1.00, 1.00, 0.00, 0.00, 0.00, 0.00, 0.00, 0.00, 0.00, 0.00, 0.00, 0.00, 1.00, 1.00, 0.00, 1.00
107,  3.533,  0.98,  1, 0.53, 0.00, 1.09, 0.35, 0.35, 0.00, 0.00, 1.23, 0.00, 0.84, 0.00, 0.74, 0.00, 0.00, 3.13, 1.80, 0.00, 1.00, 0.00, 1.00, 1.00, 0.00, 0.00, 0.00, 0.00, 0.00, 0.00, 0.00, 0.00, 0.00, 0.00, 1.00, 1.00, 0.00, 1.00
108,  3.567,  0.98,  1, 0.59, 0.00, 1.11, 0.38, 0.35, 0.00, 0.00, 1.18, 0.00, 0.80, 0.00, 0.68, 0.00, 0.00, 3.12, 1.76, 0.00, 1.00, 0.00, 1.00, 1.00, 0.00, 0.00, 0.00, 0.00, 0.00, 0.00, 0.00, 0.00, 0.00, 0.00, 1.00, 1.00, 0.00, 1.00
109,  3.600,  0.98,  1, 0.63, 0.00, 1.13, 0.30, 0.36, 0.00, 0.00, 1.21, 0.00, 0.78, 0.00, 0.59, 0.00, 0.00, 3.08, 1.71, 0.00, 1.00, 0.00, 1.00, 1.00, 0.00, 0.00, 0.00, 0.00, 0.00, 0.00, 0.00, 0.00, 0.00, 0.00, 1.00, 1.00, 0.00, 1.00
110,  3.633,  0.98,  1, 0.64, 0.00, 1.19, 0.41, 0.34, 0.00, 0.00, 1.13, 0.00, 0.74, 0.00, 0.56, 0.00, 0.00, 3.09, 1.71, 0.00, 1.00, 0.00, 1.00, 1.00, 0.00, 0.00, 0.00, 0.00, 0.00, 0.00, 0.00, 0.00, 0.00, 0.00, 1.00, 1.00, 0.00, 1.00
111,  3.667,  0.98,  1, 0.57, 0.00, 1.23, 0.30, 0.37, 0.00, 0.00, 1.15, 0.00, 0.78, 0.00, 0.65, 0.00, 0.00, 3.12, 1.67, 0.00, 1.00, 0.00, 1.00, 1.00, 0.00, 0.00, 0.00, 0.00, 0.00, 0.00, 0.00, 0.00, 0.00, 0.00, 1.00, 1.00, 0.00, 1.00
112,  3.700,  0.98,  1, 0.52, 0.00, 1.23, 0.33, 0.38, 0.00, 0.00, 1.13, 0.00, 0.75, 0.00, 0.75, 0.00, 0.00, 3.21, 1.62, 0.00, 1.00, 0.00, 1.00, 1.00, 0.00, 0.00, 0.00, 0.00, 0.00, 0.00, 0.00, 0.00, 0.00, 0.00, 1.00, 1.00, 0.00, 0.00
113,  3.733,  0.98,  1, 0.51, 0.00, 1.24, 0.26, 0.43, 0.00, 0.00, 1.19, 0.00, 0.79, 0.00, 0.74, 0.00, 0.00, 3.19, 1.60, 0.00, 0.00, 0.00, 1.00, 1.00, 0.00, 0.00, 0.00, 0.00, 0.00, 0.00, 0.00, 0.00, 0.00, 0.00, 1.00, 1.00, 0.00, 0.00
114,  3.767,  0.98,  1, 0.53, 0.00, 1.22, 0.33, 0.42, 0.00, 0.00, 1.16, 0.00, 0.76, 0.00, 0.72, 0.00, 0.00, 3.20, 1.65, 0.00, 1.00, 0.00, 1.00, 1.00, 0.00, 0.00, 0.00, 0.00, 0.00, 0.00, 0.00, 0.00, 0.00, 0.00, 1.00, 1.00, 0.00, 0.00
115,  3.800,  0.98,  1, 0.52, 0.00, 1.22, 0.39, 0.41, 0.00, 0.03, 1.18, 0.00, 0.77, 0.00, 0.63, 0.00, 0.00, 3.26, 1.88, 0.00, 0.00, 0.00, 1.00, 1.00, 0.00, 0.00, 0.00, 0.00, 0.00, 0.00, 0.00, 0.00, 0.00, 0.00, 1.00, 1.00, 0.00, 0.00
116,  3.833,  0.98,  1, 0.45, 0.00, 1.22, 0.48, 0.38, 0.00, 0.03, 1.15, 0.00, 0.75, 0.00, 0.62, 0.00, 0.00, 3.29, 2.10, 0.00, 0.00, 0.00, 0.00, 1.00, 0.00, 0.00, 0.00, 0.00, 0.00, 0.00, 0.00, 0.00, 0.00, 0.00, 1.00, 1.00, 0.00, 0.00
117,  3.867,  0.98,  1, 0.31, 0.00, 1.01, 0.38, 0.37, 0.00, 0.06, 1.24, 0.00, 0.63, 0.00, 0.55, 0.07, 0.00, 2.81, 2.01, 0.00, 0.00, 0.00, 0.00, 1.00, 0.00, 0.00, 0.00, 0.00, 0.00, 0.00, 0.00, 0.00, 0.00, 0.00, 1.00, 1.00, 0.00, 0.00
118,  3.900,  0.98,  1, 0.19, 0.00, 0.85, 0.20, 0.36, 0.00, 0.07, 1.34, 0.00, 0.48, 0.00, 0.54, 0.20, 0.00, 2.29, 1.78, 0.01, 0.00, 0.00, 0.00, 1.00, 0.00, 0.00, 0.00, 0.00, 0.00, 0.00, 0.00, 0.00, 0.00, 0.00, 1.00, 1.00, 0.00, 0.00
119,  3.933,  0.98,  1, 0.12, 0.00, 0.68, 0.05, 0.40, 0.00, 0.11, 1.25, 0.00, 0.48, 0.00, 0.34, 0.20, 0.00, 1.36, 1.10, 0.11, 0.00, 0.00, 0.00, 1.00, 0.00, 0.00, 0.00, 0.00, 0.00, 0.00, 0.00, 0.00, 0.00, 0.00, 1.00, 1.00, 0.00, 0.00
120,  3.967,  0.98,  1, 0.12, 0.00, 0.74, 0.03, 0.46, 0.00, 0.07, 1.11, 0.00, 0.62, 0.00, 0.17, 0.16, 0.01, 0.88, 0.66, 0.13, 0.00, 0.00, 0.00, 0.00, 0.00, 0.00, 0.00, 0.00, 0.00, 0.00, 0.00, 0.00, 0.00, 0.00, 0.00, 0.00, 0.00, 0.00
121,  4.000,  0.98,  1, 0.08, 0.00, 0.77, 0.00, 0.64, 0.00, 0.04, 0.80, 0.11, 0.99, 0.00, 0.00, 0.11, 0.17, 0.26, 0.15, 0.17, 0.00, 0.00, 0.00, 0.00, 0.00, 0.00, 0.00, 0.00, 0.00, 0.00, 0.00, 0.00, 0.00, 0.00, 0.00, 0.00, 0.00, 0.00
122,  4.033,  0.98,  1, 0.04, 0.00, 0.78, 0.00, 0.75, 0.00, 0.00, 0.64, 0.20, 1.22, 0.00, 0.00, 0.22, 0.30, 0.12, 0.07, 0.25, 0.00, 0.00, 0.00, 0.00, 0.00, 0.00, 0.00, 0.00, 0.00, 1.00, 0.00, 0.00, 0.00, 0.00, 0.00, 0.00, 0.00, 0.00
123,  4.067,  0.98,  1, 0.00, 0.00, 0.80, 0.00, 0.84, 0.00, 0.00, 0.42, 0.40, 1.44, 0.00, 0.00, 0.30, 0.46, 0.00, 0.00, 0.30, 0.00, 0.00, 0.00, 0.00, 0.00, 0.00, 0.00, 0.00, 0.00, 1.00, 0.00, 0.00, 1.00, 0.00, 0.00, 0.00, 0.00, 0.00
124,  4.100,  0.98,  1, 0.00, 0.00, 0.79, 0.00, 0.83, 0.00, 0.00, 0.37, 0.47, 1.52, 0.00, 0.00, 0.31, 0.47, 0.00, 0.00, 0.34, 0.00, 0.00, 0.00, 0.00, 0.00, 0.00, 0.00, 0.00, 0.00, 1.00, 0.00, 0.00, 1.00, 0.00, 0.00, 0.00, 0.00, 0.00
125,  4.133,  0.98,  1, 0.00, 0.00, 0.82, 0.00, 0.87, 0.00, 0.00, 0.39, 0.64, 1.56, 0.00, 0.00, 0.29, 0.54, 0.00, 0.06, 0.18, 0.00, 0.00, 0.00, 0.00, 0.00, 0.00, 0.00, 0.00, 0.00, 1.00, 0.00, 0.00, 1.00, 0.00, 0.00, 0.00, 0.00, 0.00
126,  4.167,  0.98,  1, 0.00, 0.00, 0.89, 0.00, 0.91, 0.00, 0.00, 0.41, 0.70, 1.64, 0.00, 0.00, 0.24, 0.57, 0.00, 0.07, 0.19, 0.00, 0.00, 0.00, 0.00, 0.00, 0.00, 0.00, 0.00, 0.00, 1.00, 0.00, 0.00, 1.00, 0.00, 0.00, 0.00, 0.00, 0.00
127,  4.200,  0.98,  1, 0.00, 0.00, 0.87, 0.00, 0.88, 0.00, 0.00, 0.38, 0.76, 1.69, 0.00, 0.00, 0.21, 0.57, 0.00, 0.08, 0.19, 0.00, 0.00, 0.00, 0.00, 0.00, 0.00, 0.00, 0.00, 0.00, 1.00, 0.00, 0.00, 1.00, 0.00, 0.00, 0.00, 0.00, 0.00
128,  4.233,  0.98,  1, 0.00, 0.00, 0.85, 0.00, 0.85, 0.00, 0.00, 0.32, 0.76, 1.78, 0.00, 0.00, 0.17, 0.56, 0.00, 0.02, 0.23, 0.00, 0.00, 0.00, 0.00, 0.00, 0.00, 0.00, 0.00, 0.00, 1.00, 0.00, 0.00, 1.00, 0.00, 0.00, 0.00, 0.00, 0.00
129,  4.267,  0.98,  1, 0.03, 0.00, 0.77, 0.00, 0.77, 0.00, 0.00, 0.31, 0.68, 1.71, 0.00, 0.00, 0.17, 0.50, 0.01, 0.00, 0.22, 0.00, 0.00, 0.00, 0.00, 0.00, 0.00, 0.00, 0.00, 0.00, 1.00, 0.00, 0.00, 1.00, 0.00, 0.00, 0.00, 0.00, 0.00
130,  4.300,  0.98,  1, 0.05, 0.00, 0.76, 0.00, 0.78, 0.00, 0.00, 0.31, 0.59, 1.61, 0.00, 0.00, 0.18, 0.45, 0.01, 0.00, 0.21, 0.00, 0.00, 0.00, 0.00, 0.00, 0.00, 0.00, 0.00, 0.00, 1.00, 0.00, 0.00, 1.00, 0.00, 0.00, 0.00, 0.00, 0.00
131,  4.333,  0.98,  1, 0.09, 0.00, 0.80, 0.00, 0.66, 0.00, 0.00, 0.50, 0.34, 1.35, 0.00, 0.01, 0.13, 0.34, 0.15, 0.07, 0.15, 0.00, 0.00, 0.00, 0.00, 0.00, 0.00, 0.00, 0.00, 0.00, 1.00, 0.00, 0.00, 0.00, 0.00, 0.00, 0.00, 0.00, 0.00
132,  4.367,  0.98,  1, 0.13, 0.02, 0.83, 0.00, 0.60, 0.00, 0.00, 0.58, 0.17, 1.15, 0.00, 0.02, 0.07, 0.28, 0.32, 0.27, 0.09, 0.00, 0.00, 0.00, 0.00, 0.00, 0.00, 0.00, 0.00, 0.00, 1.00, 0.00, 0.00, 0.00, 0.00, 0.00, 0.00, 0.00, 0.00
133,  4.400,  0.98,  1, 0.18, 0.02, 0.89, 0.00, 0.52, 0.00, 0.00, 1.04, 0.00, 0.95, 0.00, 0.24, 0.00, 0.19, 1.00, 0.99, 0.00, 0.00, 0.00, 0.00, 0.00, 0.00, 0.00, 0.00, 0.00, 0.00, 0.00, 0.00, 0.00, 0.00, 0.00, 0.00, 0.00, 0.00, 0.00
134,  4.433,  0.98,  1, 0.21, 0.02, 0.84, 0.00, 0.54, 0.00, 0.00, 1.35, 0.00, 0.93, 0.00, 0.43, 0.00, 0.15, 1.50, 1.58, 0.00, 0.00, 0.00, 0.00, 1.00, 0.00, 0.00, 0.00, 0.00, 0.00, 0.00, 0.00, 0.00, 0.00, 0.00, 1.00, 1.00, 0.00, 0.00
135,  4.467,  0.98,  1, 0.24, 0.00, 0.90, 0.00, 0.57, 0.00, 0.00, 1.77, 0.00, 0.82, 0.00, 0.59, 0.15, 0.07, 2.38, 2.19, 0.00, 0.00, 0.00, 0.00, 1.00, 0.00, 0.00, 0.00, 0.00, 0.00, 0.00, 0.00, 0.00, 0.00, 0.00, 1.00, 1.00, 0.00, 0.00
136,  4.500,  0.98,  1, 0.28, 0.00, 0.92, 0.02, 0.57, 0.00, 0.00, 1.86, 0.00, 0.75, 0.00, 0.51, 0.22, 0.03, 2.72, 2.27, 0.00, 0.00, 0.00, 0.00, 1.00, 0.00, 0.00, 0.00, 0.00, 0.00, 0.00, 0.00, 0.00, 0.00, 0.00, 1.00, 1.00, 0.00, 0.00
137,  4.533,  0.98,  1, 0.42, 0.00, 1.07, 0.32, 0.49, 0.00, 0.00, 1.75, 0.00, 0.76, 0.00, 0.55, 0.22, 0.00, 3.11, 2.35, 0.00, 0.00, 0.00, 0.00, 1.00, 0.00, 0.00, 0.00, 0.00, 0.00, 0.00, 0.00, 0.00, 0.00, 0.00, 1.00, 1.00, 0.00, 0.00
138,  4.567,  0.98,  1, 0.51, 0.00, 1.07, 0.50, 0.41, 0.00, 0.00, 1.60, 0.00, 0.86, 0.00, 0.67, 0.08, 0.00, 3.11, 2.18, 0.00, 0.00, 0.00, 0.00, 1.00, 0.00, 0.00, 0.00, 0.00, 0.00, 0.00, 0.00, 0.00, 0.00, 0.00, 1.00, 1.00, 0.00, 0.00
139,  4.600,  0.98,  1, 0.63, 0.00, 1.13, 0.68, 0.35, 0.00, 0.00, 1.39, 0.00, 0.84, 0.00, 0.73, 0.01, 0.00, 3.14, 2.11, 0.00, 1.00, 0.00, 0.00, 1.00, 0.00, 0.00, 0.00, 0.00, 0.00, 0.00, 0.00, 0.00, 0.00, 0.00, 1.00, 1.00, 0.00, 0.00
140,  4.633,  0.98,  1, 0.67, 0.00, 1.16, 0.62, 0.35, 0.00, 0.00, 1.37, 0.00, 0.87, 0.00, 0.76, 0.01, 0.00, 3.23, 2.05, 0.00, 1.00, 0.00, 0.00, 1.00, 0.00, 0.00, 0.00, 0.00, 0.00, 0.00, 0.00, 0.00, 0.00, 0.00, 1.00, 1.00, 0.00, 0.00
141,  4.667,  0.98,  1, 0.65, 0.00, 1.15, 0.61, 0.36, 0.00, 0.00, 1.36, 0.00, 0.89, 0.00, 0.64, 0.00, 0.00, 3.25, 2.19, 0.00, 1.00, 0.00, 0.00, 1.00, 0.00, 0.00, 0.00, 0.00, 0.00, 0.00, 0.00, 0.00, 0.00, 0.00, 1.00, 1.00, 0.00, 0.00
142,  4.700,  0.98,  1, 0.60, 0.00, 1.12, 0.63, 0.40, 0.00, 0.00, 1.42, 0.00, 0.93, 0.00, 0.59, 0.00, 0.00, 3.32, 2.20, 0.00, 1.00, 0.00, 0.00, 1.00, 0.00, 0.00, 0.00, 0.00, 0.00, 0.00, 0.00, 0.00, 0.00, 0.00, 1.00, 1.00, 0.00, 0.00
143,  4.733,  0.98,  1, 0.47, 0.00, 0.98, 0.51, 0.36, 0.00, 0.04, 1.57, 0.00, 0.82, 0.00, 0.41, 0.04, 0.00, 3.10, 2.19, 0.00, 1.00, 0.00, 0.00, 1.00, 0.00, 0.00, 0.00, 0.00, 0.00, 0.00, 0.00, 0.00, 0.00, 0.00, 1.00, 1.00, 0.00, 0.00
144,  4.767,  0.98,  1, 0.52, 0.00, 0.95, 0.35, 0.28, 0.00, 0.08, 1.63, 0.00, 0.66, 0.00, 0.36, 0.04, 0.00, 2.96, 2.14, 0.00, 0.00, 0.00, 0.00, 1.00, 0.00, 0.00, 0.00, 0.00, 0.00, 0.00, 0.00, 0.00, 0.00, 0.00, 1.00, 1.00, 0.00, 0.00
145,  4.800,  0.98,  1, 0.45, 0.00, 0.89, 0.12, 0.26, 0.00, 0.10, 1.44, 0.00, 0.71, 0.00, 0.22, 0.07, 0.00, 2.35, 1.75, 0.09, 0.00, 0.00, 0.00, 1.00, 0.00, 0.00, 0.00, 0.00, 0.00, 0.00, 0.00, 0.00, 0.00, 0.00, 1.00, 1.00, 0.00, 0.00
146,  4.833,  0.98,  1, 0.44, 0.00, 0.86, 0.01, 0.33, 0.00, 0.06, 1.21, 0.00, 0.78, 0.00, 0.13, 0.04, 0.01, 1.89, 1.37, 0.12, 0.00, 0.00, 0.00, 0.00, 0.00, 0.00, 0.00, 0.00, 0.00, 0.00, 0.00, 0.00, 0.00, 0.00, 1.00, 0.00, 0.00, 0.00
147,  4.867,  0.98,  1, 0.22, 0.00, 0.70, 0.00, 0.55, 0.00, 0.02, 0.85, 0.19, 1.20, 0.00, 0.00, 0.13, 0.25, 0.97, 0.73, 0.28, 0.00, 0.00, 0.00, 0.00, 0.00, 0.00, 0.00, 0.00, 0.00, 1.00, 0.00, 0.00, 0.00, 0.00, 1.00, 0.00, 0.00, 0.00
148,  4.900,  0.98,  1, 0.10, 0.00, 0.53, 0.00, 0.74, 0.00, 0.00, 0.71, 0.37, 1.45, 0.00, 0.00, 0.17, 0.53, 0.46, 0.47, 0.31, 0.00, 0.00, 0.00, 0.00, 0.00, 0.00, 0.00, 0.00, 0.00, 1.00, 0.00, 0.00, 1.00, 0.00, 0.00, 0.00, 0.00, 0.00
149,  4.933,  0.98,  1, 0.00, 0.00, 0.36, 0.00, 0.98, 0.00, 0.00, 0.40, 0.79, 1.92, 0.00, 0.00, 0.40, 0.99, 0.00, 0.17, 0.46, 0.00, 0.00, 0.00, 0.00, 0.00, 0.00, 0.00, 0.00, 0.00, 1.00, 0.00, 0.00, 1.00, 0.00, 0.00, 0.00, 0.00, 0.00
150,  4.967,  0.98,  1, 0.00, 0.00, 0.29, 0.00, 1.07, 0.00, 0.00, 0.29, 1.02, 2.15, 0.00, 0.00, 0.48, 1.19, 0.00, 0.09, 0.44, 0.00, 0.00, 0.00, 0.00, 0.00, 0.00, 0.00, 0.00, 0.00, 1.00, 0.00, 0.00, 1.00, 0.00, 0.00, 0.00, 0.00, 0.00
151,  5.000,  0.98,  1, 0.00, 0.00, 0.22, 0.00, 1.19, 0.00, 0.00, 0.19, 1.36, 2.46, 0.00, 0.00, 0.59, 1.45, 0.00, 0.00, 0.41, 0.00, 0.00, 0.00, 0.00, 0.00, 0.00, 0.00, 0.00, 0.00, 1.00, 0.00, 0.00, 1.00, 0.00, 0.00, 0.00, 0.00, 0.00
152,  5.033,  0.98,  1, 0.00, 0.00, 0.23, 0.00, 1.24, 0.00, 0.00, 0.18, 1.45, 2.58, 0.00, 0.00, 0.58, 1.52, 0.00, 0.00, 0.33, 0.00, 0.00, 0.00, 0.00, 0.00, 0.00, 0.00, 0.00, 1.00, 1.00, 0.00, 0.00, 1.00, 0.00, 0.00, 0.00, 0.00, 0.00
153,  5.067,  0.98,  1, 0.00, 0.00, 0.19, 0.00, 1.31, 0.00, 0.00, 0.25, 1.61, 2.72, 0.00, 0.00, 0.63, 1.61, 0.00, 0.00, 0.32, 0.00, 0.00, 0.00, 0.00, 0.00, 0.00, 0.00, 0.00, 1.00, 1.00, 0.00, 0.00, 1.00, 0.00, 0.00, 0.00, 0.00, 0.00
154,  5.100,  0.98,  1, 0.00, 0.00, 0.21, 0.00, 1.35, 0.00, 0.00, 0.33, 1.68, 2.74, 0.00, 0.00, 0.71, 1.62, 0.00, 0.00, 0.29, 0.00, 0.00, 0.00, 0.00, 0.00, 0.00, 0.00, 0.00, 1.00, 1.00, 0.00, 0.00, 1.00, 0.00, 0.00, 0.00, 0.00, 0.00
155,  5.133,  0.98,  1, 0.00, 0.00, 0.20, 0.00, 1.42, 0.00, 0.00, 0.43, 1.70, 2.77, 0.00, 0.00, 0.70, 1.59, 0.00, 0.00, 0.37, 0.00, 0.00, 0.00, 0.00, 0.00, 0.00, 0.00, 0.00, 1.00, 1.00, 0.00, 0.00, 1.00, 0.00, 0.00, 0.00, 0.00, 0.00
156,  5.167,  0.98,  1, 0.00, 0.00, 0.27, 0.00, 1.44, 0.00, 0.00, 0.41, 1.66, 2.70, 0.00, 0.00, 0.71, 1.54, 0.00, 0.00, 0.41, 0.00, 0.00, 0.00, 0.00, 0.00, 0.00, 0.00, 0.00, 1.00, 1.00, 0.00, 0.00, 1.00, 0.00, 0.00, 0.00, 0.00, 0.00
157,  5.200,  0.98,  1, 0.00, 0.00, 0.35, 0.00, 1.39, 0.09, 0.00, 0.36, 1.58, 2.64, 0.00, 0.00, 0.66, 1.49, 0.00, 0.00, 0.52, 0.00, 0.00, 0.00, 0.00, 0.00, 0.00, 0.00, 0.00, 1.00, 1.00, 0.00, 0.00, 1.00, 0.00, 0.00, 0.00, 0.00, 0.00
158,  5.233,  0.98,  1, 0.00, 0.00, 0.40, 0.00, 1.38, 0.22, 0.00, 0.38, 1.59, 2.66, 0.00, 0.00, 0.64, 1.56, 0.00, 0.00, 0.45, 0.00, 0.00, 0.00, 0.00, 0.00, 0.00, 0.00, 0.00, 1.00, 1.00, 0.00, 0.00, 1.00, 0.00, 0.00, 0.00, 0.00, 0.00
159,  5.267,  0.98,  1, 0.00, 0.00, 0.38, 0.00, 1.32, 0.34, 0.00, 0.42, 1.58, 2.70, 0.00, 0.00, 0.55, 1.62, 0.00, 0.00, 0.45, 0.00, 0.00, 0.00, 0.00, 0.00, 0.00, 0.00, 0.00, 1.00, 1.00, 0.00, 0.00, 1.00, 1.00, 0.00, 0.00, 0.00, 0.00
160,  5.300,  0.98,  1, 0.03, 0.07, 0.26, 0.00, 1.39, 0.40, 0.00, 0.53, 1.61, 2.85, 0.00, 0.00, 0.42, 1.72, 0.00, 0.00, 0.62, 0.00, 0.00, 0.00, 0.00, 0.00, 0.00, 0.00, 0.00, 1.00, 1.00, 0.00, 0.00, 1.00, 1.00, 0.00, 0.00, 0.00, 0.00
161,  5.333,  0.98,  1, 0.03, 0.14, 0.23, 0.00, 1.37, 0.56, 0.00, 0.61, 1.62, 2.92, 0.00, 0.00, 0.32, 1.67, 0.00, 0.00, 0.81, 0.00, 0.00, 0.00, 0.00, 0.00, 0.00, 0.00, 0.00, 1.00, 1.00, 0.00, 0.00, 1.00, 1.00, 0.00, 0.00, 0.00, 0.00
162,  5.367,  0.98,  1, 0.09, 0.20, 0.20, 0.00, 1.50, 0.91, 0.00, 0.85, 1.73, 2.82, 0.00, 0.00, 0.25, 1.78, 0.00, 0.00, 0.89, 0.00, 0.00, 0.00, 0.00, 0.00, 0.00, 0.00, 0.00, 1.00, 1.00, 0.00, 0.00, 1.00, 1.00, 0.00, 0.00, 0.00, 0.00
163,  5.400,  0.98,  1, 0.14, 0.21, 0.18, 0.00, 1.54, 1.12, 0.00, 1.01, 1.79, 2.70, 0.00, 0.00, 0.17, 1.76, 0.00, 0.00, 0.84, 0.00, 0.00, 0.00, 0.00, 1.00, 1.00, 0.00, 0.00, 1.00, 1.00, 0.00, 0.00, 0.00, 1.00, 0.00, 0.00, 0.00, 0.00
164,  5.433,  0.98,  1, 0.13, 0.27, 0.10, 0.00, 1.64, 1.32, 0.08, 1.32, 1.84, 2.27, 0.00, 0.00, 0.07, 1.98, 0.00, 0.00, 0.89, 0.00, 0.00, 0.00, 0.00, 1.00, 1.00, 0.00, 0.00, 1.00, 1.00, 0.00, 0.00, 0.00, 1.00, 0.00, 0.00, 0.00, 0.00
165,  5.467,  0.98,  1, 0.16, 0.37, 0.13, 0.00, 1.64, 1.35, 0.15, 1.52, 1.84, 2.18, 0.00, 0.00, 0.02, 2.05, 0.00, 0.00, 0.91, 0.00, 0.00, 0.00, 0.00, 1.00, 1.00, 0.00, 0.00, 1.00, 1.00, 0.00, 0.00, 0.00, 1.00, 0.00, 0.00, 0.00, 1.00
166,  5.500,  0.98,  1, 0.23, 0.35, 0.18, 0.00, 1.63, 1.51, 0.19, 1.73, 1.78, 1.74, 0.00, 0.01, 0.02, 2.31, 0.00, 0.00, 0.90, 0.00, 0.00, 0.00, 0.00, 1.00, 1.00, 0.00, 0.00, 1.00, 1.00, 0.00, 0.00, 0.00, 0.00, 0.00, 0.00, 0.00, 1.00
167,  5.533,  0.98,  1, 0.39, 0.43, 0.24, 0.00, 1.56, 1.49, 0.18, 1.77, 1.70, 1.74, 0.00, 0.01, 0.02, 2.36, 0.00, 0.00, 0.80, 0.00, 0.00, 0.00, 0.00, 1.00, 1.00, 1.00, 0.00, 1.00, 1.00, 0.00, 0.00, 0.00, 0.00, 0.00, 0.00, 0.00, 1.00
168,  5.567,  0.98,  1, 0.53, 0.27, 0.33, 0.02, 1.51, 1.47, 0.21, 1.81, 1.56, 1.48, 0.00, 0.01, 0.00, 2.56, 0.00, 0.00, 0.68, 0.00, 0.00, 0.00, 0.00, 1.00, 1.00, 1.00, 0.00, 1.00, 1.00, 0.00, 0.00, 0.00, 0.00, 0.00, 0.00, 0.00, 1.00
169,  5.600,  0.98,  1, 0.69, 0.26, 0.45, 0.02, 1.50, 1.48, 0.32, 1.88, 1.53, 1.67, 0.00, 0.00, 0.00, 2.63, 0.00, 0.00, 0.68, 0.00, 0.00, 0.00, 0.00, 1.00, 1.00, 1.00, 0.00, 1.00, 1.00, 0.00, 0.00, 0.00, 0.00, 0.00, 0.00, 0.00, 1.00
170,  5.633,  0.98,  1, 0.78, 0.06, 0.44, 0.02, 1.48, 1.25, 0.46, 1.97, 1.49, 1.62, 0.00, 0.00, 0.00, 2.75, 0.00, 0.00, 0.60, 0.00, 0.00, 0.00, 0.00, 1.00, 1.00, 1.00, 0.00, 1.00, 1.00, 0.00, 0.00, 0.00, 0.00, 0.00, 0.00, 0.00, 1.00
171,  5.667,  0.88,  1, 0.90, 0.10, 0.44, 0.00, 1.38, 1.06, 0.57, 2.10, 1.48, 1.91, 0.00, 0.03, 0.00, 2.78, 0.00, 0.00, 0.62, 0.00, 0.00, 0.00, 0.00, 1.00, 1.00, 1.00, 1.00, 1.00, 1.00, 0.00, 0.00, 0.00, 0.00, 0.00, 0.00, 0.00, 1.00
172,  5.700,  0.88,  1, 0.73, 0.09, 0.35, 0.01, 1.25, 0.55, 0.61, 2.18, 1.43, 1.84, 0.00, 0.18, 0.04, 2.92, 0.00, 0.00, 0.35, 0.00, 0.00, 0.00, 0.00, 0.00, 1.00, 1.00, 1.00, 1.00, 1.00, 0.00, 0.00, 0.00, 0.00, 0.00, 0.00, 0.00, 1.00
173,  5.733,  0.98,  1, 0.61, 0.19, 0.35, 0.01, 1.16, 0.51, 0.60, 2.23, 1.41, 1.87, 0.00, 0.35, 0.05, 3.04, 0.00, 0.00, 0.17, 0.00, 0.00, 0.00, 0.00, 0.00, 1.00, 1.00, 1.00, 1.00, 1.00, 0.00, 0.00, 0.00, 0.00, 0.00, 0.00, 0.00, 0.00
174,  5.767,  0.98,  1, 0.46, 0.27, 0.23, 0.13, 1.07, 0.23, 0.59, 2.18, 1.39, 1.58, 0.00, 0.47, 0.13, 3.19, 0.00, 0.00, 0.00, 0.00, 0.00, 0.00, 0.00, 0.00, 0.00, 1.00, 1.00, 1.00, 1.00, 0.00, 0.00, 0.00, 0.00, 0.00, 0.00, 0.00, 0.00
175,  5.800,  0.98,  1, 0.48, 0.28, 0.14, 0.30, 1.04, 0.21, 0.53, 2.15, 1.44, 1.55, 0.00, 0.35, 0.15, 3.26, 0.00, 0.00, 0.00, 0.00, 0.00, 0.00, 0.00, 0.00, 0.00, 1.00, 1.00, 1.00, 1.00, 0.00, 0.00, 0.00, 0.00, 0.00, 0.00, 0.00, 0.00
176,  5.833,  0.98,  1, 0.57, 0.37, 0.06, 0.50, 0.95, 0.00, 0.47, 2.16, 1.49, 1.58, 0.00, 0.24, 0.22, 3.25, 0.00, 0.00, 0.00, 0.00, 0.00, 0.00, 0.00, 0.00, 0.00, 1.00, 1.00, 1.00, 1.00, 0.00, 0.00, 0.00, 0.00, 0.00, 0.00, 0.00, 0.00
177,  5.867,  0.98,  1, 0.60, 0.40, 0.08, 0.48, 0.97, 0.00, 0.39, 2.20, 1.54, 1.72, 0.00, 0.12, 0.31, 3.25, 0.00, 0.00, 0.00, 0.00, 0.00, 0.00, 0.00, 0.00, 0.00, 1.00, 1.00, 1.00, 1.00, 0.00, 0.00, 0.00, 0.00, 0.00, 0.00, 0.00, 0.00
178,  5.900,  0.98,  1, 0.57, 0.38, 0.07, 0.41, 0.92, 0.00, 0.39, 2.29, 1.52, 1.79, 0.00, 0.20, 0.38, 3.15, 0.00, 0.00, 0.00, 0.00, 0.00, 0.00, 0.00, 0.00, 0.00, 1.00, 1.00, 1.00, 1.00, 0.00, 0.00, 0.00, 0.00, 0.00, 0.00, 0.00, 0.00
179,  5.933,  0.98,  1, 0.51, 0.22, 0.07, 0.42, 0.90, 0.00, 0.35, 2.30, 1.48, 1.73, 0.00, 0.28, 0.43, 3.11, 0.00, 0.00, 0.00, 0.00, 0.00, 0.00, 0.00, 0.00, 0.00, 1.00, 1.00, 1.00, 1.00, 0.00, 0.00, 0.00, 0.00, 0.00, 0.00, 0.00, 0.00
180,  5.967,  0.98,  1, 0.58, 0.22, 0.18, 0.37, 0.71, 0.00, 0.47, 2.28, 1.31, 1.44, 0.00, 0.43, 0.44, 2.83, 0.00, 0.00, 0.00, 0.00, 0.00, 0.00, 0.00, 0.00, 0.00, 1.00, 1.00, 1.00, 1.00, 0.00, 0.00, 0.00, 0.00, 0.00, 0.00, 0.00, 0.00
181,  6.000,  0.98,  1, 0.75, 0.23, 0.32, 0.32, 0.58, 0.00, 0.57, 2.23, 1.14, 1.07, 0.00, 0.54, 0.43, 2.65, 0.00, 0.00, 0.00, 0.00, 0.00, 0.00, 0.00, 0.00, 0.00, 1.00, 0.00, 0.00, 0.00, 0.00, 0.00, 0.00, 0.00, 0.00, 0.00, 0.00, 0.00
182,  6.033,  0.98,  1, 0.80, 0.25, 0.48, 0.12, 0.41, 0.01, 0.66, 2.17, 0.98, 0.87, 0.00, 0.66, 0.32, 2.36, 0.00, 0.00, 0.00, 0.00, 0.00, 0.00, 0.00, 0.00, 0.00, 1.00, 0.00, 0.00, 0.00, 0.00, 0.00, 0.00, 0.00, 0.00, 0.00, 0.00, 0.00
183,  6.067,  0.88,  1, 0.71, 0.25, 0.46, 0.07, 0.43, 0.04, 0.58, 2.19, 0.97, 0.77, 0.00, 0.75, 0.20, 2.25, 0.00, 0.00, 0.00, 0.00, 0.00, 0.00, 0.00, 0.00, 0.00, 1.00, 0.00, 0.00, 0.00, 0.00, 0.00, 0.00, 0.00, 0.00, 0.00, 0.00, 0.00
184,  6.100,  0.88,  1, 0.48, 0.22, 0.43, 0.00, 0.49, 0.12, 0.53, 2.02, 0.84, 0.56, 0.00, 0.67, 0.11, 2.12, 0.00, 0.05, 0.00, 0.00, 0.00, 0.00, 0.00, 0.00, 0.00, 1.00, 0.00, 0.00, 0.00, 0.00, 0.00, 0.00, 0.00, 0.00, 0.00, 0.00, 1.00
185,  6.133,  0.98,  1, 0.40, 0.21, 0.40, 0.00, 0.55, 0.30, 0.62, 1.91, 0.72, 0.22, 0.00, 0.51, 0.08, 2.04, 0.00, 0.05, 0.00, 0.00, 0.00, 0.00, 0.00, 0.00, 1.00, 1.00, 0.00, 0.00, 0.00, 0.00, 0.00, 0.00, 0.00, 0.00, 0.00, 0.00, 1.00
186,  6.167,  0.88,  1, 0.39, 0.20, 0.44, 0.00, 0.58, 0.53, 0.74, 1.90, 0.52, 0.00, 0.00, 0.40, 0.04, 1.75, 0.00, 0.18, 0.00, 0.00, 0.00, 0.00, 0.00, 0.00, 1.00, 1.00, 0.00, 0.00, 0.00, 0.00, 0.00, 0.00, 0.00, 0.00, 0.00, 0.00, 1.00
187,  6.200,  0.98,  1, 0.57, 0.30, 0.56, 0.00, 0.59, 0.86, 0.86, 2.09, 0.50, 0.00, 0.00, 0.45, 0.00, 1.45, 0.00, 0.24, 0.00, 0.00, 0.00, 0.00, 0.00, 0.00, 1.00, 1.00, 0.00, 0.00, 0.00, 0.00, 0.00, 0.00, 0.00, 0.00, 0.00, 0.00, 1.00
188,  6.233,  0.98,  1, 0.62, 0.35, 0.61, 0.00, 0.60, 1.05, 0.81, 2.20, 0.38, 0.16, 0.00, 0.51, 0.00, 1.08, 0.00, 0.46, 0.00, 0.00, 1.00, 0.00, 0.00, 0.00, 1.00, 1.00, 0.00, 0.00, 0.00, 0.00, 0.00, 0.00, 0.00, 0.00, 0.00, 0.00, 1.00
189,  6.267,  0.98,  1, 0.67, 0.34, 0.59, 0.00, 0.59, 1.25, 0.74, 2.16, 0.35, 0.33, 0.00, 0.47, 0.00, 0.88, 0.03, 0.50, 0.00, 1.00, 1.00, 0.00, 0.00, 0.00, 1.00, 0.00, 0.00, 0.00, 0.00, 0.00, 0.00, 0.00, 0.00, 0.00, 0.00, 0.00, 0.00
190,  6.300,  0.98,  1, 0.59, 0.39, 0.52, 0.00, 0.53, 1.43, 0.60, 1.90, 0.22, 0.59, 0.00, 0.39, 0.00, 0.67, 0.03, 0.60, 0.28, 1.00, 1.00, 0.00, 0.00, 0.00, 1.00, 0.00, 0.00, 0.00, 0.00, 0.00, 0.00, 0.00, 0.00, 0.00, 0.00, 0.00, 0.00
191,  6.333,  0.88,  1, 0.46, 0.51, 0.54, 0.00, 0.48, 1.99, 0.38, 1.54, 0.17, 0.53, 0.00, 0.23, 0.00, 0.61, 0.03, 0.45, 0.46, 1.00, 1.00, 0.00, 0.00, 0.00, 1.00, 0.00, 0.00, 0.00, 0.00, 0.00, 0.00, 0.00, 0.00, 0.00, 0.00, 0.00, 0.00
192,  6.367,  0.88,  1, 0.23, 0.56, 0.54, 0.00, 0.46, 2.28, 0.25, 1.20, 0.15, 0.46, 0.00, 0.09, 0.00, 0.39, 0.10, 0.33, 0.69, 1.00, 0.00, 0.00, 0.00, 0.00, 1.00, 0.00, 0.00, 0.00, 0.00, 0.00, 0.00, 0.00, 0.00, 0.00, 0.00, 0.00, 0.00
193,  6.400,  0.98,  1, 0.07, 0.39, 0.45, 0.00, 0.43, 2.60, 0.09, 0.94, 0.20, 0.20, 0.01, 0.00, 0.00, 0.32, 0.17, 0.33, 0.52, 1.00, 0.00, 0.00, 0.00, 0.00, 1.00, 0.00, 0.00, 0.00, 0.00, 0.00, 0.00, 0.00, 0.00, 0.00, 0.00, 0.00, 0.00
194,  6.433,  0.88,  1, 0.01, 0.16, 0.46, 0.00, 0.46, 2.67, 0.09, 0.88, 0.23, 0.12, 0.01, 0.04, 0.00, 0.11, 0.25, 0.42, 0.50, 1.00, 0.00, 0.00, 0.00, 0.00, 1.00, 0.00, 0.00, 0.00, 0.00, 0.00, 0.00, 0.00, 0.00, 0.00, 0.00, 0.00, 0.00
195,  6.467,  0.98,  1, 0.00, 0.00, 0.31, 0.00, 0.45, 2.82, 0.02, 0.89, 0.22, 0.03, 0.01, 0.14, 0.00, 0.22, 0.18, 0.51, 0.27, 1.00, 0.00, 0.00, 0.00, 0.00, 1.00, 0.00, 0.00, 0.00, 0.00, 0.00, 0.00, 0.00, 0.00, 0.00, 0.00, 0.00, 0.00
196,  6.500,  0.98,  1, 0.00, 0.00, 0.29, 0.00, 0.51, 2.51, 0.02, 0.97, 0.28, 0.23, 0.00, 0.26, 0.00, 0.11, 0.19, 0.50, 0.17, 1.00, 0.00, 0.00, 0.00, 0.00, 1.00, 0.00, 0.00, 0.00, 0.00, 0.00, 0.00, 0.00, 0.00, 0.00, 0.00, 0.00, 0.00
197,  6.533,  0.82,  1, 0.00, 0.02, 0.13, 0.00, 0.55, 2.36, 0.00, 1.00, 0.41, 0.60, 0.00, 0.40, 0.00, 0.11, 0.25, 0.38, 0.00, 1.00, 0.00, 0.00, 0.00, 0.00, 1.00, 0.00, 0.00, 0.00, 1.00, 0.00, 0.00, 0.00, 0.00, 0.00, 0.00, 0.00, 0.00
198,  6.567,  0.88,  1, 0.00, 0.02, 0.27, 0.00, 0.67, 2.28, 0.00, 0.97, 0.50, 0.92, 0.00, 0.48, 0.00, 0.00, 0.37, 0.32, 0.00, 0.00, 0.00, 0.00, 0.00, 0.00, 1.00, 0.00, 0.00, 0.00, 1.00, 0.00, 0.00, 0.00, 0.00, 0.00, 0.00, 0.00, 0.00
199,  6.600,  0.88,  1, 0.00, 0.06, 0.37, 0.00, 0.68, 2.24, 0.00, 0.95, 0.55, 1.12, 0.00, 0.51, 0.00, 0.00, 0.35, 0.11, 0.03, 0.00, 1.00, 0.00, 0.00, 0.00, 1.00, 0.00, 0.00, 0.00, 1.00, 0.00, 0.00, 0.00, 0.00, 0.00, 0.00, 0.00, 0.00
200,  6.633,  0.93,  1, 0.00, 0.05, 0.52, 0.00, 0.70, 1.85, 0.00, 0.97, 0.50, 1.05, 0.00, 0.43, 0.00, 0.00, 0.34, 0.08, 0.15, 0.00, 1.00, 0.00, 0.00, 0.00, 0.00, 0.00, 0.00, 0.00, 1.00, 0.00, 0.00, 0.00, 0.00, 0.00, 0.00, 0.00, 0.00
201,  6.667,  0.93,  1, 0.00, 0.05, 0.55, 0.00, 0.61, 1.25, 0.00, 0.95, 0.49, 1.13, 0.00, 0.29, 0.00, 0.00, 0.19, 0.00, 0.23, 0.00, 1.00, 0.00, 0.00, 0.00, 0.00, 0.00, 0.00, 0.00, 1.00, 0.00, 0.00, 0.00, 0.00, 0.00, 0.00, 1.00, 0.00
202,  6.700,  0.98,  1, 0.01, 0.01, 0.58, 0.00, 0.57, 0.98, 0.01, 0.89, 0.45, 1.07, 0.00, 0.21, 0.00, 0.00, 0.13, 0.00, 0.32, 0.00, 0.00, 0.00, 0.00, 0.00, 0.00, 0.00, 0.00, 0.00, 1.00, 0.00, 0.00, 0.00, 0.00, 0.00, 0.00, 1.00, 0.00
203,  6.733,  0.98,  1, 0.02, 0.00, 0.57, 0.07, 0.50, 0.64, 0.01, 0.83, 0.43, 1.12, 0.00, 0.11, 0.00, 0.00, 0.00, 0.00, 0.20, 0.00, 0.00, 0.00, 0.00, 0.00, 0.00, 0.00, 0.00, 0.00, 1.00, 0.00, 0.00, 0.00, 0.00, 0.00, 0.00, 1.00, 0.00
204,  6.767,  0.98,  1, 0.03, 0.00, 0.62, 0.12, 0.44, 0.45, 0.01, 0.73, 0.42, 1.05, 0.00, 0.08, 0.00, 0.00, 0.06, 0.00, 0.12, 0.00, 1.00, 0.00, 0.00, 0.00, 0.00, 0.00, 0.00, 0.00, 1.00, 0.00, 0.00, 0.00, 0.00, 0.00, 0.00, 1.00, 0.00
205,  6.800,  0.98,  1, 0.15, 0.03, 0.49, 0.14, 0.31, 0.21, 0.00, 0.58, 0.30, 0.70, 0.00, 0.03, 0.24, 0.00, 0.09, 0.00, 0.44, 0.00, 1.00, 0.00, 0.00, 0.00, 0.00, 0.00, 0.00, 0.00, 1.00, 0.00, 0.00, 0.00, 0.00, 0.00, 0.00, 1.00, 0.00
206,  6.833,  0.98,  1, 0.18, 0.03, 0.41, 0.07, 0.20, 0.08, 0.00, 0.41, 0.16, 0.34, 0.00, 0.01, 0.46, 0.00, 0.18, 0.00, 0.93, 0.00, 0.00, 0.00, 0.00, 0.00, 0.00, 0.00, 0.00, 0.00, 1.00, 0.00, 0.00, 0.00, 0.00, 0.00, 0.00, 0.00, 1.00
207,  6.867,  0.98,  1, 0.18, 0.03, 0.36, 0.02, 0.16, 0.10, 0.00, 0.24, 0.04, 0.06, 0.00, 0.01, 0.68, 0.00, 0.19, 0.00, 1.38, 0.00, 0.00, 0.00, 0.00, 0.00, 0.00, 0.00, 0.00, 0.00, 1.00, 0.00, 0.00, 0.00, 0.00, 0.00, 0.00, 0.00, 1.00
208,  6.900,  0.98,  1, 0.04, 0.00, 0.39, 0.00, 0.24, 0.12, 0.00, 0.13, 0.01, 0.08, 0.00, 0.02, 0.60, 0.00, 0.19, 0.00, 1.27, 0.00, 0.00, 0.00, 0.00, 0.00, 0.00, 0.00, 0.00, 0.00, 1.00, 0.00, 0.00, 0.00, 0.00, 0.00, 0.00, 0.00, 1.00
209,  6.933,  0.98,  1, 0.00, 0.00, 0.32, 0.00, 0.38, 0.15, 0.00, 0.05, 0.02, 0.18, 0.00, 0.09, 0.57, 0.00, 0.12, 0.00, 1.31, 0.00, 0.00, 0.00, 0.00, 0.00, 0.00, 0.00, 0.00, 0.00, 1.00, 0.00, 0.00, 0.00, 0.00, 0.00, 0.00, 0.00, 1.00
210,  6.967,  0.98,  1, 0.00, 0.00, 0.22, 0.00, 0.56, 0.27, 0.00, 0.05, 0.05, 0.19, 0.00, 0.22, 0.34, 0.00, 0.11, 0.00, 1.03, 0.00, 0.00, 0.00, 0.00, 0.00, 0.00, 0.00, 0.00, 0.00, 1.00, 0.00, 0.00, 0.00, 0.00, 0.00, 0.00, 0.00, 1.00
211,  7.000,  0.98,  1, 0.00, 0.00, 0.24, 0.00, 0.68, 0.31, 0.07, 0.08, 0.09, 0.28, 0.00, 0.25, 0.18, 0.00, 0.19, 0.00, 0.91, 0.00, 0.00, 0.00, 0.00, 0.00, 0.00, 0.00, 0.00, 0.00, 1.00, 0.00, 0.00, 0.00, 0.00, 0.00, 0.00, 0.00, 1.00
212,  7.033,  0.98,  1, 0.00, 0.00, 0.32, 0.00, 0.77, 0.57, 0.14, 0.07, 0.08, 0.18, 0.00, 0.40, 0.00, 0.00, 0.16, 0.15, 0.39, 0.00, 0.00, 0.00, 0.00, 0.00, 0.00, 0.00, 0.00, 0.00, 1.00, 0.00, 0.00, 0.00, 0.00, 0.00, 0.00, 0.00, 1.00
213,  7.067,  0.98,  1, 0.00, 0.00, 0.48, 0.00, 0.88, 0.84, 0.29, 0.05, 0.04, 0.15, 0.00, 0.37, 0.00, 0.00, 0.11, 0.40, 0.36, 0.00, 0.00, 0.00, 0.00, 0.00, 0.00, 0.00, 0.00, 0.00, 0.00, 0.00, 0.00, 0.00, 0.00, 0.00, 0.00, 0.00, 0.00
214,  7.100,  0.98,  1, 0.00, 0.00, 0.62, 0.00, 0.98, 1.16, 0.26, 0.01, 0.03, 0.11, 0.00, 0.42, 0.00, 0.00, 0.00, 0.62, 0.31, 0.00, 0.00, 0.00, 1.00, 0.00, 0.00, 0.00, 0.00, 0.00, 0.00, 0.00, 0.00, 0.00, 0.00, 0.00, 0.00, 0.00, 0.00
215,  7.133,  0.98,  1, 0.00, 0.00, 0.77, 0.00, 1.16, 1.41, 0.26, 0.02, 0.04, 0.17, 0.00, 0.28, 0.00, 0.00, 0.00, 0.71, 0.31, 0.00, 0.00, 0.00, 1.00, 0.00, 0.00, 0.00, 0.00, 0.00, 0.00, 0.00, 0.00, 0.00, 0.00, 0.00, 0.00, 0.00, 0.00
216,  7.167,  0.98,  1, 0.00, 0.00, 0.80, 0.00, 1.22, 1.54, 0.17, 0.05, 0.07, 0.17, 0.00, 0.19, 0.00, 0.00, 0.00, 0.65, 0.27, 0.00, 0.00, 0.00, 1.00, 0.00, 0.00, 0.00, 0.00, 0.00, 0.00, 0.00, 0.00, 0.00, 0.00, 0.00, 0.00, 0.00, 0.00
217,  7.200,  0.98,  1, 0.00, 0.00, 0.88, 0.00, 1.31, 1.68, 0.18, 0.08, 0.11, 0.18, 0.00, 0.08, 0.00, 0.00, 0.00, 0.62, 0.22, 0.00, 0.00, 0.00, 1.00, 0.00, 0.00, 0.00, 0.00, 0.00, 0.00, 0.00, 0.00, 0.00, 0.00, 0.00, 0.00, 0.00, 0.00
218,  7.233,  0.98,  1, 0.00, 0.00, 1.00, 0.00, 1.18, 1.71, 0.19, 0.20, 0.09, 0.12, 0.00, 0.01, 0.06, 0.00, 0.05, 0.53, 0.85, 0.00, 0.00, 0.00, 1.00, 0.00, 1.00, 0.00, 0.00, 0.00, 0.00, 0.00, 0.00, 0.00, 0.00, 0.00, 0.00, 0.00, 0.00
219,  7.267,  0.98,  1, 0.00, 0.00, 1.18, 0.00, 1.08, 1.79, 0.20, 0.31, 0.06, 0.13, 0.00, 0.01, 0.06, 0.00, 0.07, 0.49, 1.21, 0.00, 0.00, 0.00, 0.00, 0.00, 1.00, 0.00, 0.00, 0.00, 0.00, 0.00, 0.00, 0.00, 0.00, 0.00, 0.00, 0.00, 1.00
220,  7.300,  0.98,  1, 0.00, 0.00, 1.24, 0.00, 0.93, 1.82, 0.15, 0.47, 0.00, 0.04, 0.00, 0.00, 0.06, 0.00, 0.07, 0.36, 1.54, 0.00, 0.00, 0.00, 0.00, 0.00, 1.00, 0.00, 0.00, 0.00, 0.00, 0.00, 0.00, 0.00, 0.00, 0.00, 0.00, 0.00, 1.00
221,  7.333,  0.98,  1, 0.00, 0.00, 1.32, 0.00, 0.95, 1.78, 0.10, 0.58, 0.00, 0.04, 0.00, 0.04, 0.00, 0.02, 0.03, 0.42, 1.06, 0.00, 0.00, 0.00, 0.00, 0.00, 1.00, 0.00, 0.00, 0.00, 0.00, 0.00, 0.00, 0.00, 0.00, 0.00, 0.00, 0.00, 1.00
222,  7.367,  0.98,  1, 0.00, 0.00, 1.29, 0.00, 0.95, 1.70, 0.06, 0.68, 0.00, 0.00, 0.00, 0.06, 0.00, 0.04, 0.01, 0.44, 0.74, 0.00, 0.00, 0.00, 0.00, 0.00, 1.00, 0.00, 0.00, 0.00, 0.00, 0.00, 0.00, 0.00, 0.00, 0.00, 0.00, 0.00, 1.00
223,  7.400,  0.98,  1, 0.00, 0.00, 1.30, 0.00, 0.96, 1.54, 0.09, 0.77, 0.00, 0.00, 0.00, 0.06, 0.00, 0.04, 0.10, 0.54, 0.29, 0.00, 0.00, 0.00, 0.00, 0.00, 1.00, 0.00, 0.00, 0.00, 0.00, 0.00, 0.00, 0.00, 0.00, 0.00, 0.00, 0.00, 1.00
224,  7.433,  0.98,  1, 0.00, 0.00, 1.26, 0.00, 0.92, 1.37, 0.10, 0.82, 0.00, 0.00, 0.00, 0.06, 0.00, 0.02, 0.11, 0.50, 0.15, 0.00, 0.00, 0.00, 0.00, 0.00, 1.00, 0.00, 0.00, 0.00, 0.00, 0.00, 0.00, 0.00, 0.00, 0.00, 0.00, 0.00, 0.00
225,  7.467,  0.98,  1, 0.00, 0.00, 1.31, 0.00, 0.87, 0.99, 0.10, 0.82, 0.00, 0.00, 0.02, 0.11, 0.00, 0.00, 0.18, 0.50, 0.00, 0.00, 0.00, 0.00, 0.00, 0.00, 0.00, 0.00, 0.00, 0.00, 0.00, 0.00, 0.00, 0.00, 0.00, 0.00, 0.00, 0.00, 0.00
226,  7.500,  0.98,  1, 0.00, 0.00, 1.41, 0.00, 0.84, 0.74, 0.13, 0.77, 0.01, 0.00, 0.04, 0.16, 0.00, 0.00, 0.16, 0.49, 0.00, 0.00, 0.00, 0.00, 0.00, 0.00, 0.00, 0.00, 0.00, 0.00, 0.00, 0.00, 0.00, 0.00, 0.00, 0.00, 0.00, 0.00, 0.00
227,  7.533,  0.98,  1, 0.00, 0.00, 1.46, 0.00, 0.77, 0.60, 0.16, 0.69, 0.01, 0.00, 0.08, 0.11, 0.00, 0.00, 0.13, 0.43, 0.61, 0.00, 0.00, 0.00, 0.00, 0.00, 0.00, 0.00, 0.00, 0.00, 0.00, 0.00, 0.00, 0.00, 0.00, 0.00, 0.00, 0.00, 0.00
228,  7.567,  0.98,  1, 0.00, 0.00, 1.45, 0.00, 0.77, 0.71, 0.25, 0.61, 0.01, 0.00, 0.13, 0.04, 0.00, 0.00, 0.07, 0.36, 1.19, 0.00, 0.00, 0.00, 0.00, 0.00, 0.00, 0.00, 0.00, 0.00, 0.00, 0.00, 0.00, 0.00, 0.00, 0.00, 0.00, 0.00, 0.00
229,  7.600,  0.98,  1, 0.00, 0.00, 1.42, 0.00, 0.75, 0.68, 0.24, 0.60, 0.00, 0.00, 0.11, 0.03, 0.00, 0.00, 0.02, 0.32, 1.51, 0.00, 0.00, 0.00, 0.00, 0.00, 0.00, 0.00, 0.00, 0.00, 0.00, 0.00, 0.00, 0.00, 0.00, 0.00, 0.00, 0.00, 0.00
230,  7.633,  0.98,  1, 0.00, 0.00, 1.33, 0.00, 0.70, 0.46, 0.17, 0.65, 0.01, 0.03, 0.07, 0.13, 0.03, 0.00, 0.06, 0.27, 0.90, 0.00, 0.00, 0.00, 0.00, 0.00, 0.00, 0.00, 0.00, 0.00, 0.00, 0.00, 0.00, 0.00, 0.00, 0.00, 0.00, 0.00, 0.00
231,  7.667,  0.98,  1, 0.00, 0.00, 1.26, 0.00, 0.58, 0.19, 0.04, 0.80, 0.02, 0.05, 0.01, 0.21, 0.03, 0.00, 0.13, 0.24, 0.32, 0.00, 0.00, 0.00, 0.00, 0.00, 0.00, 0.00, 0.00, 0.00, 0.00, 0.00, 0.00, 0.00, 0.00, 0.00, 0.00, 0.00, 1.00
232,  7.700,  0.98,  1, 0.00, 0.00, 1.21, 0.00, 0.46, 0.01, 0.00, 0.90, 0.04, 0.05, 0.04, 0.26, 0.03, 0.00, 0.18, 0.15, 0.00, 0.00, 0.00, 0.00, 0.00, 0.00, 0.00, 0.00, 0.00, 0.00, 0.00, 0.00, 0.00, 0.00, 0.00, 0.00, 0.00, 0.00, 1.00
233,  7.733,  0.98,  1, 0.00, 0.02, 1.23, 0.00, 0.52, 0.01, 0.06, 0.88, 0.05, 0.07, 0.12, 0.22, 0.04, 0.00, 0.23, 0.11, 0.32, 0.00, 0.00, 0.00, 0.00, 0.00, 0.00, 0.00, 0.00, 0.00, 0.00, 0.00, 0.00, 0.00, 0.00, 0.00, 0.00, 0.00, 1.00
234,  7.767,  0.98,  1, 0.00, 0.02, 1.23, 0.00, 0.60, 0.03, 0.11, 0.83, 0.04, 0.05, 0.18, 0.13, 0.10, 0.00, 0.25, 0.06, 0.64, 0.00, 0.00, 0.00, 0.00, 0.00, 0.00, 0.00, 0.00, 0.00, 0.00, 0.00, 0.00, 0.00, 0.00, 0.00, 0.00, 0.00, 1.00
235,  7.800,  0.98,  1, 0.00, 0.02, 1.32, 0.00, 0.71, 0.03, 0.17, 0.80, 0.02, 0.10, 0.15, 0.06, 0.11, 0.00, 0.22, 0.04, 1.06, 0.00, 0.00, 0.00, 0.00, 0.00, 0.00, 0.00, 0.00, 0.00, 0.00, 0.00, 0.00, 0.00, 0.00, 0.00, 0.00, 0.00, 1.00
236,  7.833,  0.98,  1, 0.00, 0.00, 1.35, 0.00, 0.70, 0.09, 0.16, 0.81, 0.02, 0.07, 0.07, 0.04, 0.07, 0.00, 0.16, 0.00, 1.17, 0.00, 0.00, 0.00, 0.00, 0.00, 0.00, 0.00, 0.00, 0.00, 0.00, 0.00, 0.00, 0.00, 0.00, 0.00, 0.00, 0.00, 1.00
237,  7.867,  0.98,  1, 0.00, 0.00, 1.37, 0.00, 0.71, 0.06, 0.14, 0.86, 0.06, 0.14, 0.00, 0.14, 0.04, 0.00, 0.12, 0.06, 0.90, 0.00, 0.00, 0.00, 0.00, 0.00, 0.00, 0.00, 0.00, 0.00, 0.00, 0.00, 0.00, 0.00, 0.00, 0.00, 0.00, 0.00, 1.00
238,  7.900,  0.98,  1, 0.00, 0.00, 1.28, 0.00, 0.67, 0.06, 0.08, 0.89, 0.10, 0.15, 0.00, 0.21, 0.11, 0.00, 0.14, 0.08, 0.61, 0.00, 0.00, 0.00, 0.00, 0.00, 0.00, 0.00, 0.00, 0.00, 0.00, 0.00, 0.00, 0.00, 0.00, 0.00, 0.00, 0.00, 1.00
239,  7.933,  0.98,  1, 0.00, 0.00, 1.24, 0.00, 0.63, 0.00, 0.07, 0.99, 0.12, 0.25, 0.00, 0.30, 0.14, 0.00, 0.11, 0.12, 0.18, 0.00, 0.00, 0.00, 0.00, 0.00, 0.00, 0.00, 0.00, 0.00, 0.00, 0.00, 0.00, 0.00, 0.00, 0.00, 0.00, 0.00, 1.00
240,  7.967,  0.98,  1, 0.00, 0.00, 1.24, 0.00, 0.59, 0.00, 0.05, 0.95, 0.12, 0.23, 0.00, 0.26, 0.11, 0.00, 0.07, 0.12, 0.13, 0.00, 0.00, 0.00, 0.00, 0.00, 0.00, 0.00, 0.00, 0.00, 0.00, 0.00, 0.00, 0.00, 0.00, 0.00, 0.00, 0.00, 0.00
241,  8.000,  0.98,  1, 0.00, 0.00, 1.19, 0.00, 0.55, 0.00, 0.05, 1.00, 0.15, 0.35, 0.00, 0.31, 0.06, 0.00, 0.01, 0.17, 0.00, 0.00, 0.00, 0.00, 0.00, 0.00, 0.00, 0.00, 0.00, 0.00, 0.00, 0.00, 0.00, 0.00, 0.00, 0.00, 0.00, 0.00, 0.00
242,  8.033,  0.98,  1, 0.00, 0.00, 1.14, 0.00, 0.54, 0.00, 0.04, 1.03, 0.15, 0.32, 0.00, 0.30, 0.04, 0.00, 0.06, 0.17, 0.00, 0.00, 0.00, 0.00, 0.00, 0.00, 0.00, 0.00, 0.00, 0.00, 0.00, 0.00, 0.00, 0.00, 0.00, 0.00, 0.00, 0.00, 0.00
243,  8.067,  0.98,  1, 0.00, 0.00, 1.12, 0.00, 0.51, 0.00, 0.06, 1.10, 0.15, 0.34, 0.03, 0.37, 0.07, 0.00, 0.10, 0.22, 0.00, 0.00, 0.00, 0.00, 0.00, 0.00, 0.00, 0.00, 0.00, 0.00, 0.00, 0.00, 0.00, 0.00, 0.00, 0.00, 0.00, 0.00, 0.00
244,  8.100,  0.98,  1, 0.00, 0.00, 1.13, 0.00, 0.53, 0.00, 0.08, 1.06, 0.14, 0.30, 0.04, 0.39, 0.04, 0.00, 0.14, 0.26, 0.00, 0.00, 0.00, 0.00, 0.00, 0.00, 0.00, 0.00, 0.00, 0.00, 0.00, 0.00, 0.00, 0.00, 0.00, 0.00, 0.00, 0.00, 0.00
245,  8.133,  0.98,  1, 0.00, 0.00, 1.08, 0.00, 0.53, 0.00, 0.06, 1.03, 0.13, 0.34, 0.08, 0.47, 0.04, 0.00, 0.17, 0.29, 0.00, 0.00, 0.00, 0.00, 0.00, 0.00, 0.00, 0.00, 0.00, 0.00, 0.00, 0.00, 0.00, 0.00, 0.00, 0.00, 0.00, 0.00, 0.00
246,  8.167,  0.98,  1, 0.00, 0.00, 1.06, 0.00, 0.55, 0.00, 0.02, 1.01, 0.11, 0.41, 0.05, 0.52, 0.02, 0.00, 0.20, 0.26, 0.00, 0.00, 0.00, 0.00, 1.00, 0.00, 0.00, 0.00, 0.00, 0.00, 0.00, 0.00, 0.00, 0.00, 0.00, 0.00, 0.00, 0.00, 0.00
247,  8.200,  0.98,  1, 0.00, 0.00, 1.06, 0.00, 0.53, 0.00, 0.00, 1.05, 0.07, 0.40, 0.13, 0.61, 0.03, 0.01, 0.23, 0.23, 0.00, 0.00, 0.00, 0.00, 0.00, 0.00, 0.00, 0.00, 0.00, 0.00, 0.00, 0.00, 1.00, 0.00, 0.00, 0.00, 0.00, 0.00, 0.00
248,  8.233,  0.98,  1, 0.00, 0.00, 1.11, 0.00, 0.48, 0.00, 0.00, 1.05, 0.05, 0.36, 0.18, 0.60, 0.04, 0.01, 0.26, 0.23, 0.00, 0.00, 0.00, 0.00, 0.00, 0.00, 0.00, 0.00, 0.00, 0.00, 0.00, 0.00, 1.00, 0.00, 0.00, 0.00, 0.00, 0.00, 0.00
249,  8.267,  0.98,  1, 0.00, 0.00, 1.10, 0.00, 0.42, 0.00, 0.00, 1.12, 0.05, 0.27, 0.29, 0.63, 0.04, 0.01, 0.23, 0.20, 0.00, 0.00, 0.00, 0.00, 0.00, 0.00, 0.00, 0.00, 0.00, 0.00, 0.00, 0.00, 1.00, 0.00, 0.00, 0.00, 0.00, 0.00, 0.00
250,  8.300,  0.98,  1, 0.00, 0.00, 1.06, 0.00, 0.41, 0.00, 0.00, 1.18, 0.07, 0.20, 0.35, 0.62, 0.02, 0.00, 0.21, 0.18, 0.00, 0.00, 0.00, 0.00, 0.00, 0.00, 0.00, 0.00, 0.00, 0.00, 0.00, 0.00, 1.00, 0.00, 0.00, 0.00, 0.00, 0.00, 0.00
251,  8.333,  0.98,  1, 0.00, 0.00, 1.01, 0.00, 0.42, 0.00, 0.00, 1.18, 0.10, 0.16, 0.36, 0.64, 0.00, 0.00, 0.17, 0.23, 0.00, 0.00, 0.00, 0.00, 1.00, 0.00, 0.00, 0.00, 0.00, 0.00, 0.00, 0.00, 1.00, 0.00, 0.00, 0.00, 0.00, 0.00, 0.00
252,  8.367,  0.98,  1, 0.00, 0.00, 0.96, 0.00, 0.42, 0.00, 0.00, 1.04, 0.10, 0.20, 0.30, 0.69, 0.00, 0.00, 0.12, 0.24, 0.00, 0.00, 0.00, 0.00, 0.00, 0.00, 0.00, 0.00, 0.00, 0.00, 0.00, 0.00, 1.00, 0.00, 0.00, 0.00, 0.00, 0.00, 0.00
253,  8.400,  0.98,  1, 0.00, 0.00, 0.95, 0.00, 0.44, 0.00, 0.00, 0.95, 0.12, 0.25, 0.24, 0.73, 0.00, 0.00, 0.13, 0.22, 0.00, 0.00, 0.00, 0.00, 0.00, 0.00, 0.00, 0.00, 0.00, 0.00, 0.00, 0.00, 1.00, 0.00, 0.00, 0.00, 0.00, 0.00, 0.00
254,  8.433,  0.98,  1, 0.00, 0.00, 0.98, 0.00, 0.46, 0.00, 0.00, 0.94, 0.14, 0.26, 0.20, 0.78, 0.00, 0.00, 0.14, 0.11, 0.00, 0.00, 0.00, 0.00, 0.00, 0.00, 0.00, 0.00, 0.00, 0.00, 0.00, 0.00, 1.00, 0.00, 0.00, 0.00, 0.00, 0.00, 0.00
255,  8.467,  0.98,  1, 0.00, 0.00, 1.01, 0.00, 0.51, 0.00, 0.00, 1.00, 0.13, 0.21, 0.22, 0.71, 0.01, 0.00, 0.26, 0.10, 0.00, 0.00, 0.00, 0.00, 0.00, 0.00, 0.00, 0.00, 0.00, 0.00, 0.00, 0.00, 1.00, 0.00, 0.00, 0.00, 0.00, 0.00, 0.00
256,  8.500,  0.98,  1, 0.00, 0.00, 1.02, 0.00, 0.54, 0.00, 0.00, 1.04, 0.12, 0.21, 0.20, 0.66, 0.01, 0.00, 0.28, 0.11, 0.00, 0.00, 0.00, 0.00, 0.00, 0.00, 0.00, 0.00, 0.00, 0.00, 0.00, 0.00, 1.00, 0.00, 0.00, 0.00, 0.00, 0.00, 0.00
257,  8.533,  0.98,  1, 0.00, 0.00, 1.06, 0.00, 0.55, 0.00, 0.00, 0.98, 0.09, 0.25, 0.14, 0.56, 0.01, 0.00, 0.31, 0.10, 0.00, 0.00, 0.00, 0.00, 0.00, 0.00, 0.00, 0.00, 0.00, 0.00, 0.00, 0.00, 1.00, 0.00, 0.00, 0.00, 0.00, 0.00, 0.00
258,  8.567,  0.98,  1, 0.00, 0.00, 1.12, 0.00, 0.56, 0.00, 0.00, 0.96, 0.10, 0.27, 0.08, 0.55, 0.00, 0.01, 0.26, 0.07, 0.00, 0.00, 0.00, 0.00, 0.00, 0.00, 0.00, 0.00, 0.00, 0.00, 0.00, 0.00, 1.00, 0.00, 0.00, 0.00, 0.00, 0.00, 0.00
259,  8.600,  0.98,  1, 0.00, 0.00, 1.15, 0.00, 0.56, 0.00, 0.00, 0.93, 0.09, 0.23, 0.04, 0.56, 0.01, 0.01, 0.24, 0.05, 0.00, 0.00, 0.00, 0.00, 1.00, 0.00, 0.00, 0.00, 0.00, 0.00, 0.00, 0.00, 1.00, 0.00, 0.00, 0.00, 0.00, 0.00, 0.00
260,  8.633,  0.98,  1, 0.00, 0.00, 1.14, 0.01, 0.57, 0.00, 0.00, 0.96, 0.11, 0.19, 0.07, 0.61, 0.07, 0.01, 0.23, 0.03, 0.00, 0.00, 0.00, 0.00, 1.00, 0.00, 0.00, 0.00, 0.00, 0.00, 0.00, 0.00, 1.00, 0.00, 0.00, 0.00, 0.00, 0.00, 0.00
261,  8.667,  0.98,  1, 0.00, 0.00, 1.15, 0.01, 0.55, 0.00, 0.00, 0.97, 0.10, 0.16, 0.05, 0.62, 0.14, 0.00, 0.24, 0.07, 0.00, 0.00, 0.00, 0.00, 1.00, 0.00, 0.00, 0.00, 0.00, 0.00, 0.00, 0.00, 0.00, 0.00, 0.00, 0.00, 0.00, 0.00, 0.00
262,  8.700,  0.98,  1, 0.00, 0.00, 1.13, 0.01, 0.55, 0.00, 0.00, 0.98, 0.11, 0.21, 0.08, 0.57, 0.17, 0.00, 0.28, 0.10, 0.00, 0.00, 0.00, 0.00, 1.00, 0.00, 0.00, 0.00, 0.00, 0.00, 0.00, 0.00, 0.00, 0.00, 0.00, 0.00, 0.00, 0.00, 0.00
263,  8.733,  0.98,  1, 0.00, 0.00, 1.08, 0.00, 0.54, 0.00, 0.00, 0.99, 0.12, 0.15, 0.05, 0.51, 0.15, 0.00, 0.35, 0.16, 0.00, 0.00, 0.00, 0.00, 1.00, 0.00, 0.00, 0.00, 0.00, 0.00, 0.00, 0.00, 0.00, 0.00, 0.00, 0.00, 0.00, 0.00, 0.00
264,  8.767,  0.98,  1, 0.00, 0.00, 1.07, 0.00, 0.52, 0.00, 0.00, 0.96, 0.13, 0.18, 0.07, 0.46, 0.08, 0.00, 0.36, 0.16, 0.00, 0.00, 0.00, 0.00, 0.00, 0.00, 0.00, 0.00, 0.00, 0.00, 0.00, 0.00, 0.00, 0.00, 0.00, 0.00, 0.00, 0.00, 0.00
265,  8.800,  0.98,  1, 0.00, 0.00, 1.04, 0.00, 0.50, 0.00, 0.00, 1.01, 0.12, 0.16, 0.07, 0.49, 0.04, 0.03, 0.35, 0.21, 0.00, 0.00, 0.00, 0.00, 0.00, 0.00, 0.00, 0.00, 0.00, 0.00, 0.00, 0.00, 0.00, 0.00, 0.00, 0.00, 0.00, 0.00, 0.00
266,  8.833,  0.98,  1, 0.00, 0.00, 1.06, 0.00, 0.48, 0.00, 0.00, 1.02, 0.09, 0.19, 0.10, 0.55, 0.00, 0.03, 0.33, 0.17, 0.00, 0.00, 0.00, 0.00, 0.00, 0.00, 0.00, 0.00, 0.00, 0.00, 0.00, 0.00, 0.00, 0.00, 0.00, 0.00, 0.00, 0.00, 0.00
267,  8.867,  0.98,  1, 0.00, 0.00, 1.00, 0.00, 0.48, 0.00, 0.00, 1.11, 0.09, 0.13, 0.15, 0.53, 0.04, 0.03, 0.37, 0.18, 0.00, 0.00, 0.00, 0.00, 0.00, 0.00, 0.00, 0.00, 0.00, 0.00, 0.00, 0.00, 0.00, 0.00, 0.00, 0.00, 0.00, 0.00, 0.00
268,  8.900,  0.98,  1, 0.00, 0.00, 1.02, 0.00, 0.47, 0.00, 0.00, 1.10, 0.10, 0.10, 0.14, 0.46, 0.04, 0.00, 0.37, 0.15, 0.00, 0.00, 0.00, 0.00, 0.00, 0.00, 0.00, 0.00, 0.00, 0.00, 0.00, 0.00, 0.00, 0.00, 0.00, 0.00, 0.00, 0.00, 0.00
269,  8.933,  0.98,  1, 0.00, 0.00, 1.01, 0.00, 0.49, 0.00, 0.00, 1.14, 0.11, 0.11, 0.16, 0.46, 0.04, 0.00, 0.33, 0.23, 0.00, 0.00, 0.00, 0.00, 0.00, 0.00, 0.00, 0.00, 0.00, 0.00, 0.00, 0.00, 0.00, 0.00, 0.00, 0.00, 0.00, 0.00, 0.00
270,  8.967,  0.98,  1, 0.00, 0.00, 1.07, 0.00, 0.50, 0.00, 0.00, 1.13, 0.11, 0.10, 0.10, 0.53, 0.00, 0.00, 0.24, 0.26, 0.00, 0.00, 0.00, 0.00, 0.00, 0.00, 0.00, 0.00, 0.00, 0.00, 0.00, 0.00, 0.00, 0.00, 0.00, 0.00, 0.00, 0.00, 0.00
271,  9.000,  0.98,  1, 0.00, 0.00, 1.09, 0.00, 0.51, 0.00, 0.00, 1.16, 0.13, 0.11, 0.13, 0.57, 0.03, 0.00, 0.25, 0.22, 0.00, 0.00, 0.00, 0.00, 0.00, 0.00, 0.00, 0.00, 0.00, 0.00, 0.00, 0.00, 0.00, 0.00, 0.00, 0.00, 0.00, 0.00, 0.00
272,  9.033,  0.98,  1, 0.00, 0.00, 1.10, 0.00, 0.52, 0.00, 0.00, 1.14, 0.13, 0.14, 0.15, 0.52, 0.03, 0.00, 0.30, 0.18, 0.00, 0.00, 0.00, 0.00, 0.00, 0.00, 0.00, 0.00, 0.00, 0.00, 0.00, 0.00, 0.00, 0.00, 0.00, 0.00, 0.00, 0.00, 0.00
273,  9.067,  0.98,  1, 0.00, 0.00, 1.05, 0.00, 0.55, 0.00, 0.00, 1.12, 0.12, 0.17, 0.17, 0.50, 0.10, 0.00, 0.35, 0.13, 0.00, 0.00, 0.00, 0.00, 0.00, 0.00, 0.00, 0.00, 0.00, 0.00, 0.00, 0.00, 0.00, 0.00, 0.00, 0.00, 0.00, 0.00, 0.00
274,  9.100,  0.98,  1, 0.00, 0.00, 1.03, 0.00, 0.56, 0.00, 0.00, 1.08, 0.10, 0.21, 0.10, 0.49, 0.13, 0.00, 0.32, 0.14, 0.00, 0.00, 0.00, 0.00, 0.00, 0.00, 0.00, 0.00, 0.00, 0.00, 0.00, 0.00, 0.00, 0.00, 0.00, 0.00, 0.00, 0.00, 0.00
275,  9.133,  0.98,  1, 0.00, 0.00, 1.03, 0.00, 0.56, 0.00, 0.00, 1.02, 0.08, 0.18, 0.03, 0.49, 0.13, 0.00, 0.27, 0.17, 0.00, 0.00, 0.00, 0.00, 0.00, 0.00, 0.00, 0.00, 0.00, 0.00, 0.00, 0.00, 0.00, 0.00, 0.00, 0.00, 0.00, 0.00, 0.00
276,  9.167,  0.98,  1, 0.00, 0.00, 1.05, 0.05, 0.54, 0.00, 0.00, 0.99, 0.10, 0.21, 0.00, 0.48, 0.05, 0.00, 0.28, 0.28, 0.00, 0.00, 0.00, 0.00, 0.00, 0.00, 0.00, 0.00, 0.00, 0.00, 0.00, 0.00, 0.00, 0.00, 0.00, 0.00, 0.00, 0.00, 0.00
277,  9.200,  0.98,  1, 0.00, 0.00, 1.04, 0.09, 0.53, 0.00, 0.00, 1.00, 0.09, 0.21, 0.08, 0.50, 0.00, 0.00, 0.31, 0.35, 0.00, 0.00, 0.00, 0.00, 0.00, 0.00, 0.00, 0.00, 0.00, 0.00, 0.00, 0.00, 1.00, 0.00, 0.00, 0.00, 0.00, 0.00, 0.00
278,  9.233,  0.98,  1, 0.00, 0.00, 1.05, 0.12, 0.52, 0.00, 0.00, 1.02, 0.07, 0.20, 0.17, 0.56, 0.00, 0.00, 0.31, 0.37, 0.00, 0.00, 0.00, 0.00, 0.00, 0.00, 0.00, 0.00, 0.00, 0.00, 0.00, 0.00, 1.00, 0.00, 0.00, 0.00, 0.00, 0.00, 0.00
279,  9.267,  0.98,  1, 0.00, 0.00, 1.05, 0.07, 0.52, 0.00, 0.00, 1.03, 0.04, 0.17, 0.17, 0.59, 0.00, 0.00, 0.30, 0.26, 0.00, 0.00, 0.00, 0.00, 0.00, 0.00, 0.00, 0.00, 0.00, 0.00, 0.00, 0.00, 1.00, 0.00, 0.00, 0.00, 0.00, 0.00, 0.00
280,  9.300,  0.98,  1, 0.00, 0.00, 1.07, 0.03, 0.49, 0.00, 0.00, 1.05, 0.03, 0.15, 0.12, 0.62, 0.00, 0.00, 0.31, 0.21, 0.00, 0.00, 0.00, 0.00, 0.00, 0.00, 0.00, 0.00, 0.00, 0.00, 0.00, 0.00, 1.00, 0.00, 0.00, 0.00, 0.00, 0.00, 0.00
281,  9.333,  0.98,  1, 0.00, 0.00, 1.05, 0.03, 0.44, 0.00, 0.00, 1.05, 0.03, 0.13, 0.03, 0.55, 0.00, 0.00, 0.34, 0.20, 0.00, 0.00, 0.00, 0.00, 0.00, 0.00, 0.00, 0.00, 0.00, 0.00, 0.00, 0.00, 1.00, 0.00, 0.00, 0.00, 0.00, 0.00, 0.00
282,  9.367,  0.98,  1, 0.00, 0.00, 1.01, 0.03, 0.40, 0.00, 0.00, 1.07, 0.02, 0.08, 0.05, 0.51, 0.00, 0.00, 0.37, 0.27, 0.00, 0.00, 0.00, 0.00, 0.00, 0.00, 0.00, 0.00, 0.00, 0.00, 0.00, 0.00, 1.00, 0.00, 0.00, 0.00, 0.00, 0.00, 0.00
283,  9.400,  0.98,  1, 0.00, 0.00, 0.96, 0.03, 0.37, 0.00, 0.00, 1.05, 0.03, 0.03, 0.09, 0.46, 0.00, 0.01, 0.35, 0.25, 0.00, 0.00, 0.00, 0.00, 0.00, 0.00, 0.00, 0.00, 0.00, 0.00, 0.00, 0.00, 0.00, 0.00, 0.00, 0.00, 0.00, 0.00, 0.00
284,  9.433,  0.98,  1, 0.00, 0.00, 0.93, 0.00, 0.38, 0.00, 0.00, 1.03, 0.04, 0.02, 0.19, 0.51, 0.00, 0.01, 0.35, 0.24, 0.00, 0.00, 0.00, 0.00, 0.00, 0.00, 0.00, 0.00, 0.00, 0.00, 0.00, 0.00, 0.00, 0.00, 0.00, 0.00, 0.00, 0.00, 0.00
285,  9.467,  0.98,  1, 0.00, 0.00, 0.92, 0.00, 0.37, 0.00, 0.00, 1.03, 0.04, 0.02, 0.25, 0.53, 0.00, 0.01, 0.35, 0.13, 0.00, 0.00, 0.00, 0.00, 0.00, 0.00, 0.00, 0.00, 0.00, 0.00, 0.00, 0.00, 0.00, 0.00, 0.00, 0.00, 0.00, 0.00, 0.00
286,  9.500,  0.98,  1, 0.00, 0.00, 0.93, 0.00, 0.37, 0.00, 0.00, 1.04, 0.03, 0.05, 0.25, 0.54, 0.00, 0.01, 0.34, 0.10, 0.00, 0.00, 0.00, 0.00, 0.00, 0.00, 0.00, 0.00, 0.00, 0.00, 0.00, 0.00, 0.00, 0.00, 0.00, 0.00, 0.00, 0.00, 0.00
287,  9.533,  0.98,  1, 0.00, 0.00, 0.96, 0.00, 0.40, 0.00, 0.00, 1.09, 0.06, 0.08, 0.24, 0.50, 0.02, 0.00, 0.34, 0.02, 0.00, 0.00, 0.00, 0.00, 0.00, 0.00, 0.00, 0.00, 0.00, 0.00, 0.00, 0.00, 0.00, 0.00, 0.00, 0.00, 0.00, 0.00, 0.00
288,  9.567,  0.98,  1, 0.00, 0.00, 1.01, 0.00, 0.41, 0.00, 0.00, 1.08, 0.04, 0.11, 0.23, 0.53, 0.02, 0.00, 0.29, 0.04, 0.00, 0.00, 0.00, 0.00, 0.00, 0.00, 0.00, 0.00, 0.00, 0.00, 0.00, 0.00, 1.00, 0.00, 0.00, 0.00, 0.00, 0.00, 0.00
289,  9.600,  0.98,  1, 0.00, 0.00, 1.03, 0.00, 0.42, 0.00, 0.00, 1.07, 0.05, 0.11, 0.29, 0.59, 0.02, 0.00, 0.30, 0.09, 0.00, 0.00, 0.00, 0.00, 0.00, 0.00, 0.00, 0.00, 0.00, 0.00, 0.00, 0.00, 1.00, 0.00, 0.00, 0.00, 0.00, 0.00, 0.00
290,  9.633,  0.98,  1, 0.00, 0.00, 1.03, 0.00, 0.39, 0.00, 0.00, 1.04, 0.03, 0.18, 0.26, 0.67, 0.00, 0.00, 0.31, 0.18, 0.00, 0.00, 0.00, 0.00, 0.00, 0.00, 0.00, 0.00, 0.00, 0.00, 0.00, 0.00, 1.00, 0.00, 0.00, 0.00, 0.00, 0.00, 0.00
291,  9.667,  0.98,  1, 0.00, 0.00, 0.99, 0.00, 0.37, 0.00, 0.00, 1.05, 0.05, 0.16, 0.33, 0.73, 0.00, 0.00, 0.36, 0.24, 0.00, 0.00, 0.00, 0.00, 0.00, 0.00, 0.00, 0.00, 0.00, 0.00, 0.00, 0.00, 1.00, 0.00, 0.00, 0.00, 0.00, 0.00, 0.00
292,  9.700,  0.98,  1, 0.00, 0.00, 1.01, 0.00, 0.33, 0.00, 0.00, 1.08, 0.07, 0.13, 0.29, 0.71, 0.01, 0.02, 0.39, 0.29, 0.00, 0.00, 0.00, 0.00, 0.00, 0.00, 0.00, 0.00, 0.00, 0.00, 0.00, 0.00, 1.00, 0.00, 0.00, 0.00, 0.00, 0.00, 0.00
293,  9.733,  0.98,  1, 0.00, 0.00, 0.99, 0.00, 0.37, 0.00, 0.00, 1.09, 0.09, 0.08, 0.33, 0.74, 0.01, 0.02, 0.40, 0.26, 0.00, 0.00, 0.00, 0.00, 0.00, 0.00, 0.00, 0.00, 0.00, 0.00, 0.00, 0.00, 1.00, 0.00, 0.00, 0.00, 0.00, 0.00, 0.00
294,  9.767,  0.98,  1, 0.00, 0.00, 0.99, 0.00, 0.39, 0.00, 0.00, 1.07, 0.09, 0.11, 0.30, 0.73, 0.01, 0.02, 0.37, 0.27, 0.00, 0.00, 0.00, 0.00, 0.00, 0.00, 0.00, 0.00, 0.00, 0.00, 0.00, 0.00, 1.00, 0.00, 0.00, 0.00, 0.00, 0.00, 0.00
295,  9.800,  0.98,  1, 0.00, 0.00, 0.99, 0.00, 0.43, 0.00, 0.00, 1.09, 0.07, 0.13, 0.35, 0.74, 0.00, 0.01, 0.36, 0.30, 0.00, 0.00, 0.00, 0.00, 0.00, 0.00, 0.00, 0.00, 0.00, 0.00, 0.00, 0.00, 1.00, 0.00, 0.00, 0.00, 0.00, 0.00, 0.00
296,  9.833,  0.98,  1, 0.00, 0.00, 1.05, 0.00, 0.40, 0.00, 0.00, 1.15, 0.04, 0.11, 0.42, 0.70, 0.00, 0.01, 0.38, 0.34, 0.00, 0.00, 0.00, 0.00, 0.00, 0.00, 0.00, 0.00, 0.00, 0.00, 0.00, 0.00, 1.00, 0.00, 0.00, 0.00, 0.00, 0.00, 0.00
297,  9.867,  0.98,  1, 0.00, 0.00, 1.03, 0.00, 0.38, 0.00, 0.00, 1.18, 0.03, 0.10, 0.39, 0.70, 0.00, 0.01, 0.42, 0.36, 0.00, 0.00, 0.00, 0.00, 0.00, 0.00, 0.00, 0.00, 0.00, 0.00, 0.00, 0.00, 1.00, 0.00, 0.00, 0.00, 0.00, 0.00, 0.00
298,  9.900,  0.98,  1, 0.00, 0.00, 1.01, 0.00, 0.40, 0.00, 0.00, 1.15, 0.03, 0.10, 0.32, 0.66, 0.00, 0.00, 0.44, 0.37, 0.00, 0.00, 0.00, 0.00, 1.00, 0.00, 0.00, 0.00, 0.00, 0.00, 0.00, 0.00, 0.00, 0.00, 0.00, 0.00, 0.00, 0.00, 0.00
299,  9.933,  0.98,  1, 0.00, 0.00, 0.94, 0.01, 0.44, 0.00, 0.00, 1.12, 0.04, 0.12, 0.23, 0.63, 0.00, 0.00, 0.45, 0.39, 0.00, 0.00, 0.00, 0.00, 1.00, 0.00, 0.00, 0.00, 0.00, 0.00, 0.00, 0.00, 0.00, 0.00, 0.00, 0.00, 0.00, 0.00, 0.00
300,  9.967,  0.98,  1, 0.00, 0.00, 0.93, 0.01, 0.45, 0.00, 0.00, 1.10, 0.02, 0.08, 0.20, 0.57, 0.00, 0.00, 0.42, 0.34, 0.00, 0.00, 0.00, 0.00, 1.00, 0.00, 0.00, 0.00, 0.00, 0.00, 0.00, 0.00, 0.00, 0.00, 0.00, 0.00, 0.00, 0.00, 0.00
301,  10.000,  0.98,  1, 0.00, 0.00, 0.89, 0.01, 0.43, 0.00, 0.00, 1.08, 0.03, 0.06, 0.17, 0.55, 0.00, 0.00, 0.36, 0.25, 0.00, 0.00, 0.00, 0.00, 1.00, 0.00, 0.00, 0.00, 0.00, 0.00, 0.00, 0.00, 0.00, 0.00, 0.00, 0.00, 0.00, 0.00, 0.00
302,  10.033,  0.98,  1, 0.01, 0.00, 0.85, 0.06, 0.40, 0.00, 0.00, 1.08, 0.02, 0.02, 0.22, 0.52, 0.00, 0.00, 0.26, 0.22, 0.00, 0.00, 0.00, 0.00, 1.00, 0.00, 0.00, 0.00, 0.00, 0.00, 0.00, 0.00, 0.00, 0.00, 0.00, 0.00, 0.00, 0.00, 0.00
303,  10.067,  0.98,  1, 0.02, 0.00, 0.82, 0.08, 0.39, 0.00, 0.00, 1.13, 0.04, 0.03, 0.32, 0.54, 0.00, 0.00, 0.24, 0.29, 0.00, 0.00, 0.00, 0.00, 1.00, 0.00, 0.00, 0.00, 0.00, 0.00, 0.00, 0.00, 0.00, 0.00, 0.00, 0.00, 0.00, 0.00, 0.00
304,  10.100,  0.98,  1, 0.09, 0.00, 0.83, 0.10, 0.38, 0.00, 0.00, 1.14, 0.04, 0.10, 0.32, 0.60, 0.00, 0.00, 0.24, 0.40, 0.00, 0.00, 0.00, 0.00, 1.00, 0.00, 0.00, 0.00, 0.00, 0.00, 0.00, 0.00, 0.00, 0.00, 0.00, 0.00, 0.00, 0.00, 0.00
305,  10.133,  0.98,  1, 0.16, 0.00, 0.83, 0.12, 0.41, 0.00, 0.00, 1.12, 0.05, 0.12, 0.26, 0.63, 0.00, 0.00, 0.24, 0.44, 0.00, 0.00, 0.00, 0.00, 1.00, 0.00, 0.00, 0.00, 0.00, 0.00, 0.00, 0.00, 0.00, 0.00, 0.00, 0.00, 0.00, 0.00, 0.00
306,  10.167,  0.98,  1, 0.21, 0.00, 0.84, 0.16, 0.44, 0.00, 0.00, 1.08, 0.03, 0.12, 0.15, 0.62, 0.00, 0.00, 0.29, 0.46, 0.00, 0.00, 0.00, 0.00, 1.00, 0.00, 0.00, 0.00, 0.00, 0.00, 0.00, 0.00, 0.00, 0.00, 0.00, 0.00, 0.00, 0.00, 0.00
307,  10.200,  0.98,  1, 0.19, 0.00, 0.83, 0.19, 0.47, 0.00, 0.00, 1.12, 0.03, 0.09, 0.18, 0.57, 0.00, 0.00, 0.30, 0.41, 0.00, 0.00, 0.00, 0.00, 1.00, 0.00, 0.00, 0.00, 0.00, 0.00, 0.00, 0.00, 0.00, 0.00, 0.00, 0.00, 0.00, 0.00, 0.00
308,  10.233,  0.98,  1, 0.10, 0.00, 0.78, 0.17, 0.45, 0.00, 0.00, 1.12, 0.01, 0.12, 0.25, 0.56, 0.00, 0.00, 0.34, 0.42, 0.00, 0.00, 0.00, 0.00, 1.00, 0.00, 0.00, 0.00, 0.00, 0.00, 0.00, 0.00, 0.00, 0.00, 0.00, 0.00, 0.00, 0.00, 0.00
309,  10.267,  0.98,  1, 0.04, 0.00, 0.78, 0.16, 0.45, 0.00, 0.00, 1.18, 0.02, 0.17, 0.30, 0.55, 0.00, 0.00, 0.27, 0.39, 0.00, 0.00, 0.00, 0.00, 1.00, 0.00, 0.00, 0.00, 0.00, 0.00, 0.00, 0.00, 0.00, 0.00, 0.00, 0.00, 0.00, 0.00, 0.00
310,  10.300,  0.98,  1, 0.00, 0.00, 0.81, 0.16, 0.45, 0.00, 0.00, 1.18, 0.02, 0.19, 0.29, 0.55, 0.00, 0.00, 0.25, 0.37, 0.00, 0.00, 0.00, 0.00, 1.00, 0.00, 0.00, 0.00, 0.00, 0.00, 0.00, 0.00, 0.00, 0.00, 0.00, 0.00, 0.00, 0.00, 0.00
311,  10.333,  0.98,  1, 0.00, 0.00, 0.86, 0.10, 0.47, 0.00, 0.00, 1.20, 0.03, 0.13, 0.28, 0.54, 0.00, 0.01, 0.23, 0.30, 0.00, 0.00, 0.00, 0.00, 1.00, 0.00, 0.00, 0.00, 0.00, 0.00, 0.00, 0.00, 0.00, 0.00, 0.00, 0.00, 0.00, 0.00, 0.00
312,  10.367,  0.98,  1, 0.00, 0.00, 0.90, 0.09, 0.50, 0.00, 0.00, 1.17, 0.02, 0.07, 0.28, 0.55, 0.00, 0.01, 0.19, 0.28, 0.00, 0.00, 0.00, 0.00, 1.00, 0.00, 0.00, 0.00, 0.00, 0.00, 0.00, 0.00, 0.00, 0.00, 0.00, 0.00, 0.00, 0.00, 0.00
313,  10.400,  0.98,  1, 0.00, 0.00, 0.91, 0.04, 0.51, 0.00, 0.00, 1.12, 0.02, 0.01, 0.27, 0.53, 0.00, 0.01, 0.22, 0.23, 0.00, 0.00, 0.00, 0.00, 0.00, 0.00, 0.00, 0.00, 0.00, 0.00, 0.00, 0.00, 0.00, 0.00, 0.00, 0.00, 0.00, 0.00, 0.00
314,  10.433,  0.98,  1, 0.00, 0.00, 0.90, 0.04, 0.51, 0.00, 0.00, 1.09, 0.01, 0.01, 0.24, 0.53, 0.00, 0.00, 0.24, 0.25, 0.00, 0.00, 0.00, 0.00, 0.00, 0.00, 0.00, 0.00, 0.00, 0.00, 0.00, 0.00, 0.00, 0.00, 0.00, 0.00, 0.00, 0.00, 0.00
315,  10.467,  0.98,  1, 0.00, 0.00, 0.94, 0.00, 0.48, 0.00, 0.00, 1.06, 0.01, 0.00, 0.22, 0.53, 0.00, 0.00, 0.32, 0.28, 0.00, 0.00, 0.00, 0.00, 0.00, 0.00, 0.00, 0.00, 0.00, 0.00, 0.00, 0.00, 0.00, 0.00, 0.00, 0.00, 0.00, 0.00, 0.00
316,  10.500,  0.98,  1, 0.00, 0.00, 0.99, 0.00, 0.45, 0.00, 0.00, 1.10, 0.01, 0.00, 0.26, 0.51, 0.00, 0.00, 0.36, 0.31, 0.00, 0.00, 0.00, 0.00, 0.00, 0.00, 0.00, 0.00, 0.00, 0.00, 0.00, 0.00, 0.00, 0.00, 0.00, 0.00, 0.00, 0.00, 0.00
317,  10.533,  0.98,  1, 0.01, 0.00, 1.05, 0.00, 0.40, 0.00, 0.00, 1.16, 0.00, 0.00, 0.28, 0.48, 0.00, 0.00, 0.41, 0.32, 0.00, 0.00, 0.00, 0.00, 1.00, 0.00, 0.00, 0.00, 0.00, 0.00, 0.00, 0.00, 0.00, 0.00, 0.00, 0.00, 0.00, 0.00, 0.00
318,  10.567,  0.98,  1, 0.03, 0.00, 1.04, 0.00, 0.35, 0.00, 0.00, 1.17, 0.01, 0.00, 0.30, 0.41, 0.00, 0.00, 0.48, 0.25, 0.00, 0.00, 0.00, 0.00, 1.00, 0.00, 0.00, 0.00, 0.00, 0.00, 0.00, 0.00, 0.00, 0.00, 0.00, 0.00, 0.00, 0.00, 0.00
319,  10.600,  0.98,  1, 0.04, 0.00, 0.99, 0.00, 0.34, 0.00, 0.00, 1.12, 0.02, 0.00, 0.29, 0.40, 0.00, 0.00, 0.52, 0.25, 0.00, 0.00, 0.00, 0.00, 1.00, 0.00, 0.00, 0.00, 0.00, 0.00, 0.00, 0.00, 0.00, 0.00, 0.00, 0.00, 0.00, 0.00, 0.00
320,  10.633,  0.98,  1, 0.03, 0.00, 0.93, 0.00, 0.34, 0.00, 0.00, 1.06, 0.03, 0.00, 0.27, 0.35, 0.00, 0.00, 0.52, 0.25, 0.00, 0.00, 0.00, 0.00, 1.00, 0.00, 0.00, 0.00, 0.00, 0.00, 0.00, 0.00, 0.00, 0.00, 0.00, 0.00, 0.00, 0.00, 0.00
321,  10.667,  0.98,  1, 0.01, 0.00, 0.92, 0.00, 0.36, 0.00, 0.00, 1.04, 0.03, 0.00, 0.25, 0.32, 0.00, 0.00, 0.50, 0.31, 0.00, 0.00, 0.00, 0.00, 1.00, 0.00, 0.00, 0.00, 0.00, 0.00, 0.00, 0.00, 0.00, 0.00, 0.00, 0.00, 0.00, 0.00, 0.00
322,  10.700,  0.98,  1, 0.03, 0.00, 0.95, 0.00, 0.36, 0.00, 0.00, 1.07, 0.04, 0.01, 0.21, 0.33, 0.00, 0.00, 0.46, 0.33, 0.00, 0.00, 0.00, 0.00, 1.00, 0.00, 0.00, 0.00, 0.00, 0.00, 0.00, 0.00, 0.00, 0.00, 0.00, 0.00, 0.00, 0.00, 0.00
323,  10.733,  0.98,  1, 0.08, 0.00, 0.98, 0.00, 0.37, 0.00, 0.00, 1.11, 0.05, 0.07, 0.22, 0.37, 0.00, 0.00, 0.42, 0.27, 0.00, 0.00, 0.00, 0.00, 1.00, 0.00, 0.00, 0.00, 0.00, 0.00, 0.00, 0.00, 0.00, 0.00, 0.00, 0.00, 0.00, 0.00, 0.00
324,  10.767,  0.98,  1, 0.11, 0.00, 0.96, 0.00, 0.34, 0.00, 0.00, 1.07, 0.04, 0.07, 0.28, 0.44, 0.00, 0.00, 0.45, 0.29, 0.00, 0.00, 0.00, 0.00, 1.00, 0.00, 0.00, 0.00, 0.00, 0.00, 0.00, 0.00, 0.00, 0.00, 0.00, 0.00, 0.00, 0.00, 0.00
325,  10.800,  0.98,  1, 0.12, 0.02, 0.94, 0.00, 0.34, 0.00, 0.00, 1.04, 0.02, 0.06, 0.40, 0.52, 0.09, 0.00, 0.46, 0.28, 0.00, 0.00, 0.00, 0.00, 1.00, 0.00, 0.00, 0.00, 0.00, 0.00, 0.00, 0.00, 0.00, 0.00, 0.00, 0.00, 0.00, 0.00, 0.00
326,  10.833,  0.98,  1, 0.13, 0.02, 0.93, 0.00, 0.31, 0.00, 0.00, 0.98, 0.00, 0.00, 0.45, 0.58, 0.09, 0.00, 0.57, 0.34, 0.00, 0.00, 0.00, 0.00, 1.00, 0.00, 0.00, 0.00, 0.00, 0.00, 0.00, 0.00, 0.00, 0.00, 0.00, 0.00, 0.00, 0.00, 0.00
327,  10.867,  0.98,  1, 0.17, 0.02, 0.93, 0.00, 0.33, 0.00, 0.00, 1.06, 0.00, 0.04, 0.44, 0.62, 0.09, 0.00, 0.54, 0.27, 0.00, 0.00, 0.00, 0.00, 0.00, 0.00, 0.00, 0.00, 0.00, 0.00, 0.00, 0.00, 0.00, 0.00, 0.00, 0.00, 0.00, 0.00, 0.00
328,  10.900,  0.98,  1, 0.19, 0.00, 0.94, 0.00, 0.31, 0.00, 0.00, 1.09, 0.00, 0.05, 0.40, 0.59, 0.00, 0.00, 0.59, 0.27, 0.00, 0.00, 0.00, 0.00, 0.00, 0.00, 0.00, 0.00, 0.00, 0.00, 0.00, 0.00, 0.00, 0.00, 0.00, 0.00, 0.00, 0.00, 0.00
329,  10.933,  0.98,  1, 0.20, 0.01, 0.92, 0.00, 0.35, 0.00, 0.00, 1.15, 0.00, 0.05, 0.39, 0.61, 0.00, 0.00, 0.56, 0.23, 0.00, 0.00, 0.00, 0.00, 0.00, 0.00, 0.00, 0.00, 0.00, 0.00, 0.00, 0.00, 0.00, 0.00, 0.00, 0.00, 0.00, 0.00, 0.00
330,  10.967,  0.98,  1, 0.20, 0.01, 0.94, 0.03, 0.37, 0.00, 0.00, 1.13, 0.00, 0.00, 0.35, 0.64, 0.00, 0.00, 0.54, 0.26, 0.00, 0.00, 0.00, 0.00, 0.00, 0.00, 0.00, 0.00, 0.00, 0.00, 0.00, 0.00, 0.00, 0.00, 0.00, 0.00, 0.00, 0.00, 0.00
331,  11.000,  0.98,  1, 0.13, 0.01, 0.91, 0.03, 0.40, 0.00, 0.00, 1.17, 0.00, 0.00, 0.32, 0.60, 0.07, 0.00, 0.60, 0.29, 0.00, 0.00, 0.00, 0.00, 0.00, 0.00, 0.00, 0.00, 0.00, 0.00, 0.00, 0.00, 0.00, 0.00, 0.00, 0.00, 0.00, 0.00, 0.00
332,  11.033,  0.98,  1, 0.07, 0.00, 0.95, 0.03, 0.39, 0.00, 0.00, 1.18, 0.00, 0.00, 0.26, 0.55, 0.11, 0.00, 0.65, 0.32, 0.00, 0.00, 0.00, 0.00, 0.00, 0.00, 0.00, 0.00, 0.00, 0.00, 0.00, 0.00, 0.00, 0.00, 0.00, 0.00, 0.00, 0.00, 0.00
333,  11.067,  0.98,  1, 0.00, 0.00, 0.94, 0.00, 0.39, 0.00, 0.00, 1.21, 0.00, 0.00, 0.29, 0.56, 0.12, 0.00, 0.67, 0.32, 0.00, 0.00, 0.00, 0.00, 0.00, 0.00, 0.00, 0.00, 0.00, 0.00, 0.00, 0.00, 0.00, 0.00, 0.00, 0.00, 0.00, 0.00, 0.00
334,  11.100,  0.98,  1, 0.00, 0.00, 0.96, 0.00, 0.40, 0.00, 0.00, 1.19, 0.00, 0.00, 0.29, 0.64, 0.07, 0.00, 0.59, 0.26, 0.00, 0.00, 0.00, 0.00, 0.00, 0.00, 0.00, 0.00, 0.00, 0.00, 0.00, 0.00, 0.00, 0.00, 0.00, 0.00, 0.00, 0.00, 0.00
335,  11.133,  0.98,  1, 0.02, 0.00, 0.93, 0.00, 0.42, 0.00, 0.00, 1.19, 0.02, 0.00, 0.34, 0.69, 0.03, 0.00, 0.53, 0.18, 0.00, 0.00, 0.00, 0.00, 0.00, 0.00, 0.00, 0.00, 0.00, 0.00, 0.00, 0.00, 0.00, 0.00, 0.00, 0.00, 0.00, 0.00, 0.00
336,  11.167,  0.98,  1, 0.02, 0.00, 0.91, 0.00, 0.41, 0.00, 0.00, 1.11, 0.03, 0.04, 0.27, 0.60, 0.05, 0.00, 0.51, 0.18, 0.00, 0.00, 0.00, 0.00, 0.00, 0.00, 0.00, 0.00, 0.00, 0.00, 0.00, 0.00, 0.00, 0.00, 0.00, 0.00, 0.00, 0.00, 0.00
337,  11.200,  0.98,  1, 0.02, 0.00, 0.88, 0.00, 0.39, 0.00, 0.00, 1.02, 0.04, 0.04, 0.23, 0.52, 0.03, 0.00, 0.47, 0.23, 0.00, 0.00, 0.00, 0.00, 0.00, 0.00, 0.00, 0.00, 0.00, 0.00, 0.00, 0.00, 0.00, 0.00, 0.00, 0.00, 0.00, 0.00, 0.00
338,  11.233,  0.98,  1, 0.00, 0.00, 0.88, 0.00, 0.39, 0.00, 0.00, 0.90, 0.02, 0.04, 0.13, 0.47, 0.05, 0.00, 0.49, 0.37, 0.00, 0.00, 0.00, 0.00, 0.00, 0.00, 0.00, 0.00, 0.00, 0.00, 0.00, 0.00, 0.00, 0.00, 0.00, 0.00, 0.00, 0.00, 0.00
339,  11.267,  0.98,  1, 0.02, 0.00, 0.88, 0.00, 0.41, 0.00, 0.00, 0.88, 0.01, 0.00, 0.09, 0.48, 0.05, 0.00, 0.52, 0.47, 0.00, 0.00, 0.00, 0.00, 0.00, 0.00, 0.00, 0.00, 0.00, 0.00, 0.00, 0.00, 0.00, 0.00, 0.00, 0.00, 0.00, 0.00, 0.00
340,  11.300,  0.98,  1, 0.02, 0.00, 0.88, 0.00, 0.42, 0.00, 0.00, 0.87, 0.00, 0.03, 0.11, 0.54, 0.11, 0.00, 0.45, 0.49, 0.00, 0.00, 0.00, 0.00, 0.00, 0.00, 0.00, 0.00, 0.00, 0.00, 0.00, 0.00, 0.00, 0.00, 0.00, 0.00, 0.00, 0.00, 0.00
341,  11.333,  0.98,  1, 0.02, 0.00, 0.87, 0.00, 0.40, 0.00, 0.00, 0.89, 0.00, 0.08, 0.18, 0.57, 0.11, 0.00, 0.37, 0.49, 0.00, 0.00, 0.00, 0.00, 0.00, 0.00, 0.00, 0.00, 0.00, 0.00, 0.00, 0.00, 0.00, 0.00, 0.00, 0.00, 0.00, 0.00, 0.00
342,  11.367,  0.98,  1, 0.00, 0.00, 0.88, 0.00, 0.37, 0.00, 0.00, 0.92, 0.01, 0.15, 0.22, 0.61, 0.09, 0.00, 0.31, 0.39, 0.00, 0.00, 0.00, 0.00, 0.00, 0.00, 0.00, 0.00, 0.00, 0.00, 0.00, 0.00, 0.00, 0.00, 0.00, 0.00, 0.00, 0.00, 0.00
343,  11.400,  0.98,  1, 0.00, 0.00, 0.88, 0.00, 0.36, 0.00, 0.00, 0.96, 0.01, 0.19, 0.24, 0.58, 0.04, 0.00, 0.33, 0.33, 0.00, 0.00, 0.00, 0.00, 0.00, 0.00, 0.00, 0.00, 0.00, 0.00, 0.00, 0.00, 0.00, 0.00, 0.00, 0.00, 0.00, 0.00, 0.00
344,  11.433,  0.98,  1, 0.00, 0.00, 0.87, 0.00, 0.36, 0.00, 0.00, 1.01, 0.03, 0.23, 0.21, 0.52, 0.06, 0.00, 0.39, 0.26, 0.00, 0.00, 0.00, 0.00, 0.00, 0.00, 0.00, 0.00, 0.00, 0.00, 0.00, 0.00, 0.00, 0.00, 0.00, 0.00, 0.00, 0.00, 0.00
345,  11.467,  0.98,  1, 0.00, 0.00, 0.84, 0.00, 0.37, 0.00, 0.00, 1.01, 0.04, 0.24, 0.20, 0.44, 0.05, 0.00, 0.46, 0.26, 0.00, 0.00, 0.00, 0.00, 0.00, 0.00, 0.00, 0.00, 0.00, 0.00, 0.00, 0.00, 0.00, 0.00, 0.00, 0.00, 0.00, 0.00, 0.00
346,  11.500,  0.98,  1, 0.01, 0.00, 0.85, 0.00, 0.39, 0.00, 0.00, 1.03, 0.06, 0.23, 0.16, 0.42, 0.09, 0.00, 0.48, 0.26, 0.00, 0.00, 0.00, 0.00, 0.00, 0.00, 0.00, 0.00, 0.00, 0.00, 0.00, 0.00, 0.00, 0.00, 0.00, 0.00, 0.00, 0.00, 0.00
347,  11.533,  0.98,  1, 0.01, 0.00, 0.85, 0.00, 0.40, 0.00, 0.00, 0.98, 0.06, 0.21, 0.17, 0.45, 0.08, 0.00, 0.48, 0.29, 0.00, 0.00, 0.00, 0.00, 0.00, 0.00, 0.00, 0.00, 0.00, 0.00, 0.00, 0.00, 0.00, 0.00, 0.00, 0.00, 0.00, 0.00, 0.00
348,  11.567,  0.98,  1, 0.01, 0.00, 0.94, 0.00, 0.44, 0.00, 0.00, 0.98, 0.05, 0.16, 0.20, 0.54, 0.07, 0.00, 0.43, 0.25, 0.00, 0.00, 0.00, 0.00, 0.00, 0.00, 0.00, 0.00, 0.00, 0.00, 0.00, 0.00, 0.00, 0.00, 0.00, 0.00, 0.00, 0.00, 0.00
349,  11.600,  0.98,  1, 0.00, 0.00, 1.00, 0.00, 0.47, 0.00, 0.00, 0.95, 0.03, 0.11, 0.21, 0.58, 0.03, 0.00, 0.47, 0.25, 0.00, 0.00, 0.00, 0.00, 0.00, 0.00, 0.00, 0.00, 0.00, 0.00, 0.00, 0.00, 0.00, 0.00, 0.00, 0.00, 0.00, 0.00, 0.00
350,  11.633,  0.98,  1, 0.00, 0.00, 1.04, 0.00, 0.48, 0.00, 0.00, 0.95, 0.04, 0.13, 0.16, 0.62, 0.02, 0.00, 0.44, 0.26, 0.00, 0.00, 0.00, 0.00, 0.00, 0.00, 0.00, 0.00, 0.00, 0.00, 0.00, 0.00, 0.00, 0.00, 0.00, 0.00, 0.00, 0.00, 0.00
351,  11.667,  0.98,  1, 0.00, 0.00, 0.98, 0.00, 0.45, 0.00, 0.00, 0.94, 0.05, 0.17, 0.10, 0.59, 0.03, 0.00, 0.45, 0.31, 0.00, 0.00, 0.00, 0.00, 0.00, 0.00, 0.00, 0.00, 0.00, 0.00, 0.00, 0.00, 0.00, 0.00, 0.00, 0.00, 0.00, 0.00, 0.00
352,  11.700,  0.98,  1, 0.00, 0.00, 0.95, 0.00, 0.40, 0.00, 0.00, 0.96, 0.05, 0.17, 0.15, 0.59, 0.03, 0.00, 0.43, 0.30, 0.00, 0.00, 0.00, 0.00, 0.00, 0.00, 0.00, 0.00, 0.00, 0.00, 0.00, 0.00, 0.00, 0.00, 0.00, 0.00, 0.00, 0.00, 0.00
353,  11.733,  0.98,  1, 0.00, 0.00, 0.94, 0.00, 0.39, 0.00, 0.00, 0.98, 0.02, 0.10, 0.23, 0.58, 0.01, 0.00, 0.41, 0.27, 0.00, 0.00, 0.00, 0.00, 0.00, 0.00, 0.00, 0.00, 0.00, 0.00, 0.00, 0.00, 0.00, 0.00, 0.00, 0.00, 0.00, 0.00, 0.00
354,  11.767,  0.98,  1, 0.00, 0.00, 0.94, 0.00, 0.37, 0.00, 0.00, 1.03, 0.01, 0.06, 0.30, 0.58, 0.00, 0.00, 0.39, 0.28, 0.00, 0.00, 0.00, 0.00, 0.00, 0.00, 0.00, 0.00, 0.00, 0.00, 0.00, 0.00, 0.00, 0.00, 0.00, 0.00, 0.00, 0.00, 0.00
355,  11.800,  0.98,  1, 0.00, 0.00, 0.91, 0.00, 0.36, 0.00, 0.00, 1.05, 0.02, 0.07, 0.28, 0.53, 0.00, 0.00, 0.38, 0.32, 0.00, 0.00, 0.00, 0.00, 0.00, 0.00, 0.00, 0.00, 0.00, 0.00, 0.00, 0.00, 0.00, 0.00, 0.00, 0.00, 0.00, 0.00, 0.00
356,  11.833,  0.98,  1, 0.00, 0.00, 0.86, 0.00, 0.34, 0.00, 0.00, 1.07, 0.02, 0.05, 0.29, 0.54, 0.00, 0.00, 0.42, 0.35, 0.00, 0.00, 0.00, 0.00, 0.00, 0.00, 0.00, 0.00, 0.00, 0.00, 0.00, 0.00, 0.00, 0.00, 0.00, 0.00, 0.00, 0.00, 0.00
357,  11.867,  0.98,  1, 0.00, 0.00, 0.83, 0.00, 0.33, 0.00, 0.00, 1.02, 0.00, 0.02, 0.27, 0.55, 0.00, 0.00, 0.45, 0.37, 0.00, 0.00, 0.00, 0.00, 0.00, 0.00, 0.00, 0.00, 0.00, 0.00, 0.00, 0.00, 0.00, 0.00, 0.00, 0.00, 0.00, 0.00, 0.00
358,  11.900,  0.98,  1, 0.00, 0.00, 0.86, 0.00, 0.36, 0.00, 0.00, 1.02, 0.02, 0.00, 0.25, 0.62, 0.00, 0.00, 0.44, 0.50, 0.00, 0.00, 0.00, 0.00, 0.00, 0.00, 0.00, 0.00, 0.00, 0.00, 0.00, 0.00, 0.00, 0.00, 0.00, 0.00, 0.00, 0.00, 0.00
359,  11.933,  0.98,  1, 0.00, 0.00, 0.92, 0.00, 0.38, 0.00, 0.00, 1.01, 0.02, 0.00, 0.21, 0.66, 0.03, 0.00, 0.41, 0.56, 0.00, 0.00, 0.00, 0.00, 0.00, 0.00, 0.00, 0.00, 0.00, 0.00, 0.00, 0.00, 0.00, 0.00, 0.00, 0.00, 0.00, 0.00, 0.00
360,  11.967,  0.98,  1, 0.00, 0.00, 1.01, 0.00, 0.43, 0.00, 0.00, 1.03, 0.02, 0.02, 0.24, 0.67, 0.03, 0.00, 0.37, 0.57, 0.00, 0.00, 0.00, 0.00, 0.00, 0.00, 0.00, 0.00, 0.00, 0.00, 0.00, 0.00, 0.00, 0.00, 0.00, 0.00, 0.00, 0.00, 0.00
361,  12.000,  0.98,  1, 0.00, 0.00, 1.05, 0.00, 0.46, 0.00, 0.00, 1.02, 0.00, 0.03, 0.29, 0.62, 0.03, 0.00, 0.36, 0.47, 0.00, 0.00, 0.00, 0.00, 0.00, 0.00, 0.00, 0.00, 0.00, 0.00, 0.00, 0.00, 0.00, 0.00, 0.00, 0.00, 0.00, 0.00, 0.00
362,  12.033,  0.98,  1, 0.03, 0.00, 1.10, 0.00, 0.45, 0.00, 0.00, 1.05, 0.01, 0.03, 0.33, 0.50, 0.00, 0.00, 0.36, 0.38, 0.00, 0.00, 0.00, 0.00, 0.00, 0.00, 0.00, 0.00, 0.00, 0.00, 0.00, 0.00, 0.00, 0.00, 0.00, 0.00, 0.00, 0.00, 0.00
363,  12.067,  0.98,  1, 0.03, 0.00, 1.13, 0.03, 0.42, 0.00, 0.00, 1.04, 0.02, 0.02, 0.31, 0.45, 0.00, 0.00, 0.38, 0.38, 0.00, 0.00, 0.00, 0.00, 0.00, 0.00, 0.00, 0.00, 0.00, 0.00, 0.00, 0.00, 0.00, 0.00, 0.00, 0.00, 0.00, 0.00, 0.00
364,  12.100,  0.98,  1, 0.03, 0.00, 1.17, 0.03, 0.41, 0.00, 0.00, 1.02, 0.03, 0.01, 0.27, 0.44, 0.00, 0.00, 0.38, 0.35, 0.00, 0.00, 0.00, 0.00, 0.00, 0.00, 0.00, 0.00, 0.00, 0.00, 0.00, 0.00, 0.00, 0.00, 0.00, 0.00, 0.00, 0.00, 0.00
365,  12.133,  0.98,  1, 0.00, 0.00, 1.20, 0.03, 0.44, 0.00, 0.00, 0.99, 0.03, 0.03, 0.23, 0.48, 0.00, 0.00, 0.35, 0.35, 0.00, 0.00, 0.00, 0.00, 0.00, 0.00, 0.00, 0.00, 0.00, 0.00, 0.00, 0.00, 0.00, 0.00, 0.00, 0.00, 0.00, 0.00, 0.00
366,  12.167,  0.98,  1, 0.00, 0.00, 1.15, 0.00, 0.48, 0.00, 0.00, 0.99, 0.04, 0.05, 0.25, 0.47, 0.00, 0.00, 0.33, 0.30, 0.00, 0.00, 0.00, 0.00, 0.00, 0.00, 0.00, 0.00, 0.00, 0.00, 0.00, 0.00, 0.00, 0.00, 0.00, 0.00, 0.00, 0.00, 0.00
367,  12.200,  0.98,  1, 0.00, 0.00, 1.10, 0.00, 0.48, 0.00, 0.00, 1.02, 0.03, 0.09, 0.29, 0.45, 0.00, 0.00, 0.34, 0.30, 0.00, 0.00, 0.00, 0.00, 0.00, 0.00, 0.00, 0.00, 0.00, 0.00, 0.00, 0.00, 0.00, 0.00, 0.00, 0.00, 0.00, 0.00, 0.00
368,  12.233,  0.98,  1, 0.00, 0.00, 1.10, 0.00, 0.51, 0.00, 0.00, 1.07, 0.06, 0.13, 0.33, 0.50, 0.00, 0.00, 0.39, 0.35, 0.00, 0.00, 0.00, 0.00, 0.00, 0.00, 0.00, 0.00, 0.00, 0.00, 0.00, 0.00, 0.00, 0.00, 0.00, 0.00, 0.00, 0.00, 0.00
369,  12.267,  0.98,  1, 0.00, 0.00, 1.20, 0.00, 0.54, 0.00, 0.00, 1.12, 0.08, 0.17, 0.30, 0.65, 0.00, 0.00, 0.45, 0.46, 0.00, 0.00, 0.00, 0.00, 1.00, 0.00, 0.00, 0.00, 0.00, 0.00, 0.00, 0.00, 0.00, 0.00, 0.00, 0.00, 0.00, 0.00, 0.00
