frame, AU01_r, AU02_r, AU04_r, AU05_r, AU06_r, AU07_r, AU09_r, AU10_r, AU12_r, AU14_r, AU15_r, AU17_r, AU20_r, AU23_r, AU25_r, AU26_r, AU45_r
0,0.1063791,0.047147077,0.6787444,0.034767926,0.20833395,0.58924514,0.026730185,0.4277512,0.35976455,0.38607112,0.10762042,0.3461579,0.07567881,0.11258418,0.62660736,0.46044114,0.27739123
1,0.1063791,0.047147077,0.6787444,0.034767926,0.20833395,0.58924514,0.026730185,0.4277512,0.35976455,0.38607112,0.10762042,0.3461579,0.07567881,0.11258418,0.62660736,0.46044114,0.27739123
2,0.1063791,0.047147077,0.6787444,0.034767926,0.20833395,0.58924514,0.026730185,0.4277512,0.35976455,0.38607112,0.10762042,0.3461579,0.07567881,0.11258418,0.62660736,0.46044114,0.27739123
3,0.1063791,0.047147077,0.6787444,0.034767926,0.20833395,0.58924514,0.026730185,0.4277512,0.35976455,0.38607112,0.10762042,0.3461579,0.07567881,0.11258418,0.62660736,0.46044114,0.27739123
4,0.1063791,0.047147077,0.6787444,0.034767926,0.20833395,0.58924514,0.026730185,0.4277512,0.35976455,0.38607112,0.10762042,0.3461579,0.07567881,0.11258418,0.62660736,0.46044114,0.27739123
5,0.1063791,0.047147077,0.6787444,0.034767926,0.20833395,0.58924514,0.026730185,0.4277512,0.35976455,0.38607112,0.10762042,0.3461579,0.07567881,0.11258418,0.62660736,0.46044114,0.27739123
6,0.1063791,0.047147077,0.6787444,0.034767926,0.20833395,0.58924514,0.026730185,0.4277512,0.35976455,0.38607112,0.10762042,0.3461579,0.07567881,0.11258418,0.62660736,0.46044114,0.27739123
7,0.1063791,0.047147077,0.6787444,0.034767926,0.20833395,0.58924514,0.026730185,0.4277512,0.35976455,0.38607112,0.10762042,0.3461579,0.07567881,0.11258418,0.62660736,0.46044114,0.27739123
8,0.1063791,0.047147077,0.6787444,0.034767926,0.20833395,0.58924514,0.026730185,0.4277512,0.35976455,0.38607112,0.10762042,0.3461579,0.07567881,0.11258418,0.62660736,0.46044114,0.27739123
9,0.1063791,0.047147077,0.6787444,0.034767926,0.20833395,0.58924514,0.026730185,0.4277512,0.35976455,0.38607112,0.10762042,0.3461579,0.07567881,0.11258418,0.62660736,0.46044114,0.27739123
10,0.1063791,0.047147077,0.6787444,0.034767926,0.20833395,0.58924514,0.026730185,0.4277512,0.35976455,0.38607112,0.10762042,0.3461579,0.07567881,0.11258418,0.62660736,0.46044114,0.27739123
11,0.1063791,0.047147077,0.6787444,0.034767926,0.20833395,0.58924514,0.026730185,0.4277512,0.35976455,0.38607112,0.10762042,0.3461579,0.07567881,0.11258418,0.62660736,0.46044114,0.27739123
12,0.1063791,0.047147077,0.6787444,0.034767926,0.20833395,0.58924514,0.026730185,0.4277512,0.35976455,0.38607112,0.10762042,0.3461579,0.07567881,0.11258418,0.62660736,0.46044114,0.27739123
13,0.1063791,0.047147077,0.6787444,0.034767926,0.20833395,0.58924514,0.026730185,0.4277512,0.35976455,0.38607112,0.10762042,0.3461579,0.07567881,0.11258418,0.62660736,0.46044114,0.27739123
14,0.1063791,0.047147077,0.6787444,0.034767926,0.20833395,0.58924514,0.026730185,0.4277512,0.35976455,0.38607112,0.10762042,0.3461579,0.07567881,0.11258418,0.62660736,0.46044114,0.27739123
15,0.1063791,0.047147077,0.6787444,0.034767926,0.20833395,0.58924514,0.026730185,0.4277512,0.35976455,0.38607112,0.10762042,0.3461579,0.07567881,0.11258418,0.62660736,0.46044114,0.27739123
16,0.1063791,0.047147077,0.6787444,0.034767926,0.20833395,0.58924514,0.026730185,0.4277512,0.35976455,0.38607112,0.10762042,0.3461579,0.07567881,0.11258418,0.62660736,0.46044114,0.27739123
17,0.106379084,0.047147077,0.6787444,0.034767937,0.20833395,0.58924514,0.02673019,0.42775115,0.35976458,0.38607112,0.1076204,0.3461579,0.075678796,0.11258418,0.62660736,0.46044114,0.27739123
18,0.1063791,0.047147077,0.6787444,0.034767926,0.20833395,0.58924514,0.026730185,0.4277512,0.35976455,0.38607112,0.10762042,0.3461579,0.07567881,0.11258418,0.62660736,0.46044114,0.27739123
19,0.1063791,0.047147077,0.6787444,0.034767926,0.20833395,0.58924514,0.026730185,0.4277512,0.35976455,0.38607112,0.10762042,0.3461579,0.07567881,0.11258418,0.62660736,0.46044114,0.27739123
20,0.1063791,0.047147077,0.6787444,0.034767926,0.20833395,0.58924514,0.026730185,0.4277512,0.35976455,0.38607112,0.10762042,0.3461579,0.07567881,0.11258418,0.62660736,0.46044114,0.27739123
21,0.1063791,0.047147077,0.6787444,0.034767926,0.20833395,0.58924514,0.026730185,0.4277512,0.35976455,0.38607112,0.10762042,0.3461579,0.07567881,0.11258418,0.62660736,0.46044114,0.27739123
22,0.1063791,0.047147077,0.6787444,0.034767926,0.20833395,0.58924514,0.026730185,0.4277512,0.35976455,0.38607112,0.10762042,0.3461579,0.07567881,0.11258418,0.62660736,0.46044114,0.27739123
23,0.1063791,0.047147077,0.6787444,0.034767926,0.20833395,0.58924514,0.026730185,0.4277512,0.35976455,0.38607112,0.10762042,0.3461579,0.07567881,0.11258418,0.62660736,0.46044114,0.27739123
24,0.1063791,0.047147077,0.6787444,0.034767926,0.20833395,0.58924514,0.026730185,0.4277512,0.35976455,0.38607112,0.10762042,0.3461579,0.07567881,0.11258418,0.62660736,0.46044114,0.27739123
25,0.1063791,0.047147077,0.6787444,0.034767926,0.20833395,0.58924514,0.026730185,0.4277512,0.35976455,0.38607112,0.10762042,0.3461579,0.07567881,0.11258418,0.62660736,0.46044114,0.27739123
26,0.1063791,0.047147077,0.6787444,0.034767926,0.20833395,0.58924514,0.026730185,0.4277512,0.35976455,0.38607112,0.10762042,0.3461579,0.07567881,0.11258418,0.62660736,0.46044114,0.27739123
27,0.106379084,0.047147065,0.6787444,0.034767933,0.20833395,0.58924514,0.02673019,0.4277512,0.35976458,0.38607112,0.10762041,0.34615794,0.07567881,0.11258417,0.62660736,0.46044114,0.27739123
28,0.1063791,0.047147077,0.6787444,0.034767926,0.20833395,0.58924514,0.026730185,0.4277512,0.35976455,0.38607112,0.10762042,0.3461579,0.07567881,0.11258418,0.62660736,0.46044114,0.27739123
29,0.1063791,0.047147077,0.6787444,0.034767926,0.20833395,0.58924514,0.026730185,0.4277512,0.35976455,0.38607112,0.10762042,0.3461579,0.07567881,0.11258418,0.62660736,0.46044114,0.27739123
30,0.1063791,0.047147077,0.6787444,0.034767926,0.20833395,0.58924514,0.026730185,0.4277512,0.35976455,0.38607112,0.10762042,0.3461579,0.07567881,0.11258418,0.62660736,0.46044114,0.27739123
31,0.1063791,0.047147077,0.6787444,0.034767926,0.20833395,0.58924514,0.026730185,0.4277512,0.35976455,0.38607112,0.10762042,0.3461579,0.07567881,0.11258418,0.62660736,0.46044114,0.27739123
32,0.1063791,0.047147077,0.6787444,0.034767926,0.20833395,0.58924514,0.026730185,0.4277512,0.35976455,0.38607112,0.10762042,0.3461579,0.07567881,0.11258418,0.62660736,0.46044114,0.27739123
33,0.1063791,0.047147077,0.6787444,0.034767926,0.20833395,0.58924514,0.026730185,0.4277512,0.35976455,0.38607112,0.10762042,0.3461579,0.07567881,0.11258418,0.62660736,0.46044114,0.27739123
34,0.1063791,0.047147077,0.6787444,0.034767926,0.20833395,0.58924514,0.026730185,0.4277512,0.35976455,0.38607112,0.10762042,0.3461579,0.07567881,0.11258418,0.62660736,0.46044114,0.27739123
35,0.1063791,0.047147077,0.6787444,0.034767926,0.20833395,0.58924514,0.026730185,0.4277512,0.35976455,0.38607112,0.10762042,0.3461579,0.07567881,0.11258418,0.62660736,0.46044114,0.27739123
36,0.1063791,0.047147077,0.6787444,0.034767926,0.20833395,0.58924514,0.026730185,0.4277512,0.35976455,0.38607112,0.10762042,0.3461579,0.07567881,0.11258418,0.62660736,0.46044114,0.27739123
37,0.1063791,0.047147077,0.6787444,0.034767926,0.20833395,0.58924514,0.026730185,0.4277512,0.35976455,0.38607112,0.10762042,0.3461579,0.07567881,0.11258418,0.62660736,0.46044114,0.27739123
38,0.1063791,0.047147077,0.6787444,0.034767926,0.20833395,0.58924514,0.026730185,0.4277512,0.35976455,0.38607112,0.10762042,0.3461579,0.07567881,0.11258418,0.62660736,0.46044114,0.27739123
39,0.1063791,0.047147077,0.6787444,0.034767926,0.20833395,0.58924514,0.026730185,0.4277512,0.35976455,0.38607112,0.10762042,0.3461579,0.07567881,0.11258418,0.62660736,0.46044114,0.27739123
40,0.1063791,0.047147077,0.6787444,0.034767926,0.20833395,0.58924514,0.026730185,0.4277512,0.35976455,0.38607112,0.10762042,0.3461579,0.07567881,0.11258418,0.62660736,0.46044114,0.27739123
41,0.1063791,0.047147077,0.6787444,0.034767926,0.20833395,0.58924514,0.026730185,0.4277512,0.35976455,0.38607112,0.10762042,0.3461579,0.07567881,0.11258418,0.62660736,0.46044114,0.27739123
42,0.1063791,0.047147077,0.6787444,0.034767926,0.20833395,0.58924514,0.026730185,0.4277512,0.35976455,0.38607112,0.10762042,0.3461579,0.07567881,0.11258418,0.62660736,0.46044114,0.27739123
43,0.1063791,0.047147077,0.6787444,0.034767926,0.20833395,0.58924514,0.026730185,0.4277512,0.35976455,0.38607112,0.10762042,0.3461579,0.07567881,0.11258418,0.62660736,0.46044114,0.27739123
44,0.1063791,0.047147077,0.6787444,0.034767926,0.20833395,0.58924514,0.026730185,0.4277512,0.35976455,0.38607112,0.10762042,0.3461579,0.07567881,0.11258418,0.62660736,0.46044114,0.27739123
45,0.1063791,0.047147077,0.6787444,0.034767926,0.20833395,0.58924514,0.026730185,0.4277512,0.35976455,0.38607112,0.10762042,0.3461579,0.07567881,0.11258418,0.62660736,0.46044114,0.27739123
46,0.1063791,0.047147077,0.6787444,0.034767926,0.20833395,0.58924514,0.026730185,0.4277512,0.35976455,0.38607112,0.10762042,0.3461579,0.07567881,0.11258418,0.62660736,0.46044114,0.27739123
47,0.1063791,0.047147077,0.6787444,0.034767926,0.20833395,0.58924514,0.026730185,0.4277512,0.35976455,0.38607112,0.10762042,0.3461579,0.07567881,0.11258418,0.62660736,0.46044114,0.27739123
48,0.1063791,0.047147077,0.6787444,0.034767926,0.20833395,0.58924514,0.026730185,0.4277512,0.35976455,0.38607112,0.10762042,0.3461579,0.07567881,0.11258418,0.62660736,0.46044114,0.27739123
49,0.1063791,0.047147077,0.6787444,0.034767926,0.20833395,0.58924514,0.026730185,0.4277512,0.35976455,0.38607112,0.10762042,0.3461579,0.07567881,0.11258418,0.62660736,0.46044114,0.27739123
50,0.1063791,0.047147077,0.6787444,0.034767926,0.20833395,0.58924514,0.026730185,0.4277512,0.35976455,0.38607112,0.10762042,0.3461579,0.07567881,0.11258418,0.62660736,0.46044114,0.27739123
51,0.1063791,0.047147077,0.6787444,0.034767926,0.20833395,0.58924514,0.026730185,0.4277512,0.35976455,0.38607112,0.10762042,0.3461579,0.07567881,0.11258418,0.62660736,0.46044114,0.27739123
52,0.1063791,0.047147077,0.6787444,0.034767926,0.20833395,0.58924514,0.026730185,0.4277512,0.35976455,0.38607112,0.10762042,0.3461579,0.07567881,0.11258418,0.62660736,0.46044114,0.27739123
53,0.1063791,0.047147077,0.6787444,0.034767926,0.20833395,0.58924514,0.026730185,0.4277512,0.35976455,0.38607112,0.10762042,0.3461579,0.07567881,0.11258418,0.62660736,0.46044114,0.27739123
54,0.1063791,0.047147077,0.6787444,0.034767926,0.20833395,0.58924514,0.026730185,0.4277512,0.35976455,0.38607112,0.10762042,0.3461579,0.07567881,0.11258418,0.62660736,0.46044114,0.27739123
55,0.1063791,0.047147077,0.6787444,0.034767926,0.20833395,0.58924514,0.026730185,0.4277512,0.35976455,0.38607112,0.10762042,0.3461579,0.07567881,0.11258418,0.62660736,0.46044114,0.27739123
56,0.1063791,0.047147077,0.6787444,0.034767926,0.20833395,0.58924514,0.026730185,0.4277512,0.35976455,0.38607112,0.10762042,0.3461579,0.07567881,0.11258418,0.62660736,0.46044114,0.27739123
57,0.1063791,0.047147077,0.6787444,0.034767926,0.20833395,0.58924514,0.026730185,0.4277512,0.35976455,0.38607112,0.10762042,0.3461579,0.07567881,0.11258418,0.62660736,0.46044114,0.27739123
58,0.1063791,0.047147077,0.6787444,0.034767926,0.20833395,0.58924514,0.026730185,0.4277512,0.35976455,0.38607112,0.10762042,0.3461579,0.07567881,0.11258418,0.62660736,0.46044114,0.27739123
59,0.1063791,0.047147077,0.6787444,0.034767926,0.20833395,0.58924514,0.026730185,0.4277512,0.35976455,0.38607112,0.10762042,0.3461579,0.07567881,0.11258418,0.62660736,0.46044114,0.27739123
60,0.106379084,0.047147077,0.6787444,0.034767944,0.20833395,0.58924514,0.02673019,0.42775118,0.35976458,0.38607112,0.1076204,0.3461579,0.0756788,0.11258418,0.62660736,0.4604412,0.27739123
61,0.10637909,0.047147047,0.67874426,0.034768086,0.20833384,0.58924514,0.026730191,0.42775115,0.35976437,0.38607112,0.10762038,0.34615782,0.075678825,0.11258407,0.6266072,0.46044102,0.27739123
62,0.106379084,0.047147065,0.6787444,0.03476796,0.20833395,0.58924514,0.02673019,0.42775118,0.3597646,0.38607112,0.1076204,0.3461579,0.075678796,0.11258418,0.62660736,0.4604412,0.27739123
63,0.1063791,0.047147077,0.6787444,0.034767926,0.20833395,0.58924514,0.026730185,0.4277512,0.35976455,0.38607112,0.10762042,0.3461579,0.07567881,0.11258418,0.62660736,0.46044114,0.27739123
64,0.1063791,0.047147077,0.6787444,0.034767926,0.20833395,0.58924514,0.026730185,0.4277512,0.35976455,0.38607112,0.10762042,0.3461579,0.07567881,0.11258418,0.62660736,0.46044114,0.27739123
65,0.1063791,0.047147077,0.6787444,0.034767926,0.20833395,0.58924514,0.026730185,0.4277512,0.35976455,0.38607112,0.10762042,0.3461579,0.07567881,0.11258418,0.62660736,0.46044114,0.27739123
66,0.1063791,0.047147077,0.6787444,0.034767926,0.20833395,0.58924514,0.026730185,0.4277512,0.35976455,0.38607112,0.10762042,0.3461579,0.07567881,0.11258418,0.62660736,0.46044114,0.27739123
67,0.1063791,0.047147077,0.6787444,0.034767926,0.20833395,0.58924514,0.026730185,0.4277512,0.35976455,0.38607112,0.10762042,0.3461579,0.07567881,0.11258418,0.62660736,0.46044114,0.27739123
68,0.1063791,0.047147077,0.6787444,0.034767926,0.20833395,0.58924514,0.026730185,0.4277512,0.35976455,0.38607112,0.10762042,0.3461579,0.07567881,0.11258418,0.62660736,0.46044114,0.27739123
69,0.1063791,0.047147077,0.6787444,0.034767926,0.20833395,0.58924514,0.026730185,0.4277512,0.35976455,0.38607112,0.10762042,0.3461579,0.07567881,0.11258418,0.62660736,0.46044114,0.27739123
70,0.1063791,0.047147077,0.6787444,0.034767926,0.20833395,0.58924514,0.026730185,0.4277512,0.35976455,0.38607112,0.10762042,0.3461579,0.07567881,0.11258418,0.62660736,0.46044114,0.27739123
71,0.1063791,0.047147077,0.6787444,0.034767926,0.20833395,0.58924514,0.026730185,0.4277512,0.35976455,0.38607112,0.10762042,0.3461579,0.07567881,0.11258418,0.62660736,0.46044114,0.27739123
72,0.1063791,0.047147077,0.6787444,0.034767926,0.20833395,0.58924514,0.026730185,0.4277512,0.35976455,0.38607112,0.10762042,0.3461579,0.07567881,0.11258418,0.62660736,0.46044114,0.27739123
73,0.1063791,0.047147077,0.6787444,0.034767926,0.20833395,0.58924514,0.026730185,0.4277512,0.35976455,0.38607112,0.10762042,0.3461579,0.07567881,0.11258418,0.62660736,0.46044114,0.27739123
74,0.1063791,0.047147077,0.6787444,0.034767926,0.20833395,0.58924514,0.026730185,0.4277512,0.35976455,0.38607112,0.10762042,0.3461579,0.07567881,0.11258418,0.62660736,0.46044114,0.27739123
75,0.1063791,0.047147077,0.6787444,0.034767926,0.20833395,0.58924514,0.026730185,0.4277512,0.35976455,0.38607112,0.10762042,0.3461579,0.07567881,0.11258418,0.62660736,0.46044114,0.27739123
76,0.1063791,0.047147077,0.6787444,0.034767926,0.20833395,0.58924514,0.026730185,0.4277512,0.35976455,0.38607112,0.10762042,0.3461579,0.07567881,0.11258418,0.62660736,0.46044114,0.27739123
77,0.1063791,0.047147077,0.6787444,0.034767926,0.20833395,0.58924514,0.026730185,0.4277512,0.35976455,0.38607112,0.10762042,0.3461579,0.07567881,0.11258418,0.62660736,0.46044114,0.27739123
78,0.1063791,0.047147077,0.6787444,0.034767926,0.20833395,0.58924514,0.026730185,0.4277512,0.35976455,0.38607112,0.10762042,0.3461579,0.07567881,0.11258418,0.62660736,0.46044114,0.27739123
79,0.1063791,0.047147077,0.6787444,0.034767926,0.20833395,0.58924514,0.026730185,0.4277512,0.35976455,0.38607112,0.10762042,0.3461579,0.07567881,0.11258418,0.62660736,0.46044114,0.27739123
80,0.1063791,0.047147077,0.6787444,0.034767926,0.20833395,0.58924514,0.026730185,0.4277512,0.35976455,0.38607112,0.10762042,0.3461579,0.07567881,0.11258418,0.62660736,0.46044114,0.27739123
81,0.1063791,0.047147077,0.6787444,0.034767926,0.20833395,0.58924514,0.026730185,0.4277512,0.35976455,0.38607112,0.10762042,0.3461579,0.07567881,0.11258418,0.62660736,0.46044114,0.27739123
82,0.1063791,0.047147077,0.6787444,0.034767926,0.20833395,0.58924514,0.026730185,0.4277512,0.35976455,0.38607112,0.10762042,0.3461579,0.07567881,0.11258418,0.62660736,0.46044114,0.27739123
83,0.1063791,0.047147077,0.6787444,0.034767926,0.20833395,0.58924514,0.026730185,0.4277512,0.35976455,0.38607112,0.10762042,0.3461579,0.07567881,0.11258418,0.62660736,0.46044114,0.27739123
84,0.1063791,0.047147077,0.6787444,0.034767926,0.20833395,0.58924514,0.026730185,0.4277512,0.35976455,0.38607112,0.10762042,0.3461579,0.07567881,0.11258418,0.62660736,0.46044114,0.27739123
85,0.1063791,0.047147077,0.6787444,0.034767926,0.20833395,0.58924514,0.026730185,0.4277512,0.35976455,0.38607112,0.10762042,0.3461579,0.07567881,0.11258418,0.62660736,0.46044114,0.27739123
86,0.1063791,0.047147077,0.6787444,0.034767926,0.20833395,0.58924514,0.026730185,0.4277512,0.35976455,0.38607112,0.10762042,0.3461579,0.07567881,0.11258418,0.62660736,0.46044114,0.27739123
87,0.10637911,0.047147002,0.6787444,0.03476799,0.20833401,0.58924514,0.02673018,0.42775112,0.35976458,0.38607106,0.10762035,0.3461579,0.075678825,0.11258421,0.62660736,0.46044105,0.2773912
88,0.1063791,0.047147077,0.6787444,0.034767926,0.20833395,0.58924514,0.026730185,0.4277512,0.35976455,0.38607112,0.10762042,0.3461579,0.07567881,0.11258418,0.62660736,0.46044114,0.27739123
89,0.1063791,0.047147077,0.6787444,0.034767926,0.20833395,0.58924514,0.026730185,0.4277512,0.35976455,0.38607112,0.10762042,0.3461579,0.07567881,0.11258418,0.62660736,0.46044114,0.27739123
90,0.1063791,0.047147077,0.6787444,0.034767926,0.20833395,0.58924514,0.026730185,0.4277512,0.35976455,0.38607112,0.10762042,0.3461579,0.07567881,0.11258418,0.62660736,0.46044114,0.27739123
91,0.1063791,0.047147077,0.6787444,0.034767926,0.20833395,0.58924514,0.026730185,0.4277512,0.35976455,0.38607112,0.10762042,0.3461579,0.07567881,0.11258418,0.62660736,0.46044114,0.27739123
92,0.1063791,0.047147077,0.6787444,0.034767926,0.20833395,0.58924514,0.026730185,0.4277512,0.35976455,0.38607112,0.10762042,0.3461579,0.07567881,0.11258418,0.62660736,0.46044114,0.27739123
93,0.1063791,0.047147077,0.6787444,0.034767926,0.20833395,0.58924514,0.026730185,0.4277512,0.35976455,0.38607112,0.10762042,0.3461579,0.07567881,0.11258418,0.62660736,0.46044114,0.27739123
94,0.1063791,0.047147077,0.6787444,0.034767926,0.20833395,0.58924514,0.026730185,0.4277512,0.35976455,0.38607112,0.10762042,0.3461579,0.07567881,0.11258418,0.62660736,0.46044114,0.27739123
95,0.1063791,0.047147077,0.6787444,0.034767926,0.20833395,0.58924514,0.026730185,0.4277512,0.35976455,0.38607112,0.10762042,0.3461579,0.07567881,0.11258418,0.62660736,0.46044114,0.27739123
96,0.1063791,0.047147077,0.6787444,0.034767926,0.20833395,0.58924514,0.026730185,0.4277512,0.35976455,0.38607112,0.10762042,0.3461579,0.07567881,0.11258418,0.62660736,0.46044114,0.27739123
97,0.1063791,0.047147077,0.6787444,0.034767926,0.20833395,0.58924514,0.026730185,0.4277512,0.35976455,0.38607112,0.10762042,0.3461579,0.07567881,0.11258418,0.62660736,0.46044114,0.27739123
98,0.1063791,0.047147077,0.6787444,0.034767926,0.20833395,0.58924514,0.026730185,0.4277512,0.35976455,0.38607112,0.10762042,0.3461579,0.07567881,0.11258418,0.62660736,0.46044114,0.27739123
99,0.1063791,0.047147077,0.6787444,0.034767926,0.20833395,0.58924514,0.026730185,0.4277512,0.35976455,0.38607112,0.10762042,0.3461579,0.07567881,0.11258418,0.62660736,0.46044114,0.27739123
100,0.1063791,0.047147077,0.6787444,0.034767926,0.20833395,0.58924514,0.026730185,0.4277512,0.35976455,0.38607112,0.10762042,0.3461579,0.07567881,0.11258418,0.62660736,0.46044114,0.27739123
101,0.1063791,0.047147077,0.6787444,0.034767926,0.20833395,0.58924514,0.026730185,0.4277512,0.35976455,0.38607112,0.10762042,0.3461579,0.07567881,0.11258418,0.62660736,0.46044114,0.27739123
102,0.1063791,0.047147077,0.6787444,0.034767926,0.20833395,0.58924514,0.026730185,0.4277512,0.35976455,0.38607112,0.10762042,0.3461579,0.07567881,0.11258418,0.62660736,0.46044114,0.27739123
103,0.1063791,0.047147077,0.6787444,0.034767926,0.20833395,0.58924514,0.026730185,0.4277512,0.35976455,0.38607112,0.10762042,0.3461579,0.07567881,0.11258418,0.62660736,0.46044114,0.27739123
104,0.1063791,0.047147077,0.6787444,0.034767926,0.20833395,0.58924514,0.026730185,0.4277512,0.35976455,0.38607112,0.10762042,0.3461579,0.07567881,0.11258418,0.62660736,0.46044114,0.27739123
105,0.1063791,0.047147077,0.6787444,0.034767926,0.20833395,0.58924514,0.026730185,0.4277512,0.35976455,0.38607112,0.10762042,0.3461579,0.07567881,0.11258418,0.62660736,0.46044114,0.27739123
106,0.1063791,0.047147077,0.6787444,0.034767926,0.20833395,0.58924514,0.026730185,0.4277512,0.35976455,0.38607112,0.10762042,0.3461579,0.07567881,0.11258418,0.62660736,0.46044114,0.27739123
107,0.1063791,0.047147077,0.6787444,0.034767926,0.20833395,0.58924514,0.026730185,0.4277512,0.35976455,0.38607112,0.10762042,0.3461579,0.07567881,0.11258418,0.62660736,0.46044114,0.27739123
108,0.1063791,0.047147077,0.6787444,0.034767926,0.20833395,0.58924514,0.026730185,0.4277512,0.35976455,0.38607112,0.10762042,0.3461579,0.07567881,0.11258418,0.62660736,0.46044114,0.27739123
109,0.1063791,0.047147077,0.6787444,0.034767926,0.20833395,0.58924514,0.026730185,0.4277512,0.35976455,0.38607112,0.10762042,0.3461579,0.07567881,0.11258418,0.62660736,0.46044114,0.27739123
110,0.1063791,0.047147077,0.6787444,0.034767926,0.20833395,0.58924514,0.026730185,0.4277512,0.35976455,0.38607112,0.10762042,0.3461579,0.07567881,0.11258418,0.62660736,0.46044114,0.27739123
111,0.1063791,0.047147077,0.6787444,0.034767926,0.20833395,0.58924514,0.026730185,0.4277512,0.35976455,0.38607112,0.10762042,0.3461579,0.07567881,0.11258418,0.62660736,0.46044114,0.27739123
112,0.1063791,0.047147077,0.6787444,0.034767926,0.20833395,0.58924514,0.026730185,0.4277512,0.35976455,0.38607112,0.10762042,0.3461579,0.07567881,0.11258418,0.62660736,0.46044114,0.27739123
113,0.1063791,0.04714706,0.67874426,0.034768045,0.20833394,0.5892452,0.026730198,0.42775118,0.35976458,0.38607115,0.107620396,0.3461579,0.07567882,0.11258416,0.62660724,0.4604411,0.27739123
114,0.1063791,0.047147077,0.6787444,0.034767926,0.20833395,0.58924514,0.026730185,0.4277512,0.35976455,0.38607112,0.10762042,0.3461579,0.07567881,0.11258418,0.62660736,0.46044114,0.27739123
115,0.106379084,0.047147077,0.6787444,0.034767937,0.20833395,0.58924514,0.02673019,0.42775115,0.35976458,0.38607112,0.1076204,0.3461579,0.075678796,0.11258418,0.62660736,0.46044114,0.27739123
116,0.1063791,0.047147077,0.6787444,0.034767926,0.20833395,0.58924514,0.026730185,0.4277512,0.35976455,0.38607112,0.10762042,0.3461579,0.07567881,0.11258418,0.62660736,0.46044114,0.27739123
117,0.1063791,0.047147077,0.6787444,0.034767926,0.20833395,0.58924514,0.026730185,0.4277512,0.35976455,0.38607112,0.10762042,0.3461579,0.07567881,0.11258418,0.62660736,0.46044114,0.27739123
118,0.1063791,0.047147077,0.6787444,0.034767926,0.20833395,0.58924514,0.026730185,0.4277512,0.35976455,0.38607112,0.10762042,0.3461579,0.07567881,0.11258418,0.62660736,0.46044114,0.27739123
119,0.1063791,0.047147077,0.6787444,0.034767926,0.20833395,0.58924514,0.026730185,0.4277512,0.35976455,0.38607112,0.10762042,0.3461579,0.07567881,0.11258418,0.62660736,0.46044114,0.27739123
120,0.1063791,0.047147077,0.6787444,0.034767926,0.20833395,0.58924514,0.026730185,0.4277512,0.35976455,0.38607112,0.10762042,0.3461579,0.07567881,0.11258418,0.62660736,0.46044114,0.27739123
121,0.1063791,0.047147077,0.6787444,0.034767926,0.20833395,0.58924514,0.026730185,0.4277512,0.35976455,0.38607112,0.10762042,0.3461579,0.07567881,0.11258418,0.62660736,0.46044114,0.27739123
122,0.1063791,0.047147077,0.6787444,0.034767926,0.20833395,0.58924514,0.026730185,0.4277512,0.35976455,0.38607112,0.10762042,0.3461579,0.07567881,0.11258418,0.62660736,0.46044114,0.27739123
123,0.1063791,0.047147077,0.6787444,0.034767926,0.20833395,0.58924514,0.026730185,0.4277512,0.35976455,0.38607112,0.10762042,0.3461579,0.07567881,0.11258418,0.62660736,0.46044114,0.27739123
124,0.1063791,0.047147077,0.6787444,0.034767926,0.20833395,0.58924514,0.026730185,0.4277512,0.35976455,0.38607112,0.10762042,0.3461579,0.07567881,0.11258418,0.62660736,0.46044114,0.27739123
125,0.1063791,0.047147077,0.6787444,0.034767926,0.20833395,0.58924514,0.026730185,0.4277512,0.35976455,0.38607112,0.10762042,0.3461579,0.07567881,0.11258418,0.62660736,0.46044114,0.27739123
126,0.1063791,0.047147077,0.6787444,0.034767926,0.20833395,0.58924514,0.026730185,0.4277512,0.35976455,0.38607112,0.10762042,0.3461579,0.07567881,0.11258418,0.62660736,0.46044114,0.27739123
127,0.1063791,0.047147077,0.6787444,0.034767926,0.20833395,0.58924514,0.026730185,0.4277512,0.35976455,0.38607112,0.10762042,0.3461579,0.07567881,0.11258418,0.62660736,0.46044114,0.27739123
128,0.1063791,0.047147077,0.6787444,0.034767926,0.20833395,0.58924514,0.026730185,0.4277512,0.35976455,0.38607112,0.10762042,0.3461579,0.07567881,0.11258418,0.62660736,0.46044114,0.27739123
129,0.1063791,0.047147077,0.6787444,0.034767926,0.20833395,0.58924514,0.026730185,0.4277512,0.35976455,0.38607112,0.10762042,0.3461579,0.07567881,0.11258418,0.62660736,0.46044114,0.27739123
130,0.1063791,0.047147077,0.6787444,0.034767926,0.20833395,0.58924514,0.026730185,0.4277512,0.35976455,0.38607112,0.10762042,0.3461579,0.07567881,0.11258418,0.62660736,0.46044114,0.27739123
131,0.1063791,0.047147077,0.6787444,0.034767926,0.20833395,0.58924514,0.026730185,0.4277512,0.35976455,0.38607112,0.10762042,0.3461579,0.07567881,0.11258418,0.62660736,0.46044114,0.27739123
132,0.1063791,0.047147077,0.6787444,0.034767926,0.20833395,0.58924514,0.026730185,0.4277512,0.35976455,0.38607112,0.10762042,0.3461579,0.07567881,0.11258418,0.62660736,0.46044114,0.27739123
133,0.1063791,0.047147077,0.6787444,0.034767926,0.20833395,0.58924514,0.026730185,0.4277512,0.35976455,0.38607112,0.10762042,0.3461579,0.07567881,0.11258418,0.62660736,0.46044114,0.27739123
134,0.1063791,0.047147077,0.6787444,0.034767926,0.20833395,0.58924514,0.026730185,0.4277512,0.35976455,0.38607112,0.10762042,0.3461579,0.07567881,0.11258418,0.62660736,0.46044114,0.27739123
135,0.1063791,0.047147077,0.6787444,0.034767926,0.20833395,0.58924514,0.026730185,0.4277512,0.35976455,0.38607112,0.10762042,0.3461579,0.07567881,0.11258418,0.62660736,0.46044114,0.27739123
136,0.1063791,0.047147077,0.6787444,0.034767926,0.20833395,0.58924514,0.026730185,0.4277512,0.35976455,0.38607112,0.10762042,0.3461579,0.07567881,0.11258418,0.62660736,0.46044114,0.27739123
137,0.1063791,0.047147077,0.6787444,0.034767926,0.20833395,0.58924514,0.026730185,0.4277512,0.35976455,0.38607112,0.10762042,0.3461579,0.07567881,0.11258418,0.62660736,0.46044114,0.27739123
138,0.1063791,0.047147077,0.6787444,0.034767926,0.20833395,0.58924514,0.026730185,0.4277512,0.35976455,0.38607112,0.10762042,0.3461579,0.07567881,0.11258418,0.62660736,0.46044114,0.27739123
139,0.10643061,0.04711849,0.67771786,0.036668494,0.20823535,0.58951265,0.026850836,0.42798665,0.35754168,0.38560832,0.107137814,0.34566823,0.07589556,0.11149386,0.62546444,0.45897275,0.27752256
140,0.106379084,0.04714707,0.6787444,0.034767944,0.20833394,0.58924514,0.02673019,0.42775112,0.35976458,0.38607112,0.10762041,0.3461579,0.0756788,0.11258418,0.62660736,0.4604412,0.27739123
141,0.106379084,0.047147054,0.6787444,0.03476792,0.20833395,0.58924514,0.026730191,0.42775118,0.35976458,0.38607115,0.1076204,0.3461579,0.07567881,0.11258419,0.62660736,0.46044114,0.27739128
142,0.1063791,0.047147077,0.6787444,0.034767926,0.20833395,0.58924514,0.026730185,0.4277512,0.35976455,0.38607112,0.10762042,0.3461579,0.07567881,0.11258418,0.62660736,0.46044114,0.27739123
143,0.1064479,0.046352502,0.67907685,0.035283897,0.20961164,0.5894833,0.026544863,0.4267729,0.36046436,0.38396162,0.10697579,0.3454515,0.07613128,0.112315394,0.6277723,0.45961386,0.2773486
144,0.1063791,0.047147077,0.6787444,0.034767926,0.20833395,0.58924514,0.026730185,0.4277512,0.35976455,0.38607112,0.10762042,0.3461579,0.07567881,0.11258418,0.62660736,0.46044114,0.27739123
145,0.1063791,0.047147077,0.6787444,0.034767926,0.20833395,0.58924514,0.026730185,0.4277512,0.35976455,0.38607112,0.10762042,0.3461579,0.07567881,0.11258418,0.62660736,0.46044114,0.27739123
146,0.1063791,0.047147077,0.6787444,0.034767926,0.20833395,0.58924514,0.026730185,0.4277512,0.35976455,0.38607112,0.10762042,0.3461579,0.07567881,0.11258418,0.62660736,0.46044114,0.27739123
147,0.1063791,0.047147077,0.6787444,0.034767926,0.20833395,0.58924514,0.026730185,0.4277512,0.35976455,0.38607112,0.10762042,0.3461579,0.07567881,0.11258418,0.62660736,0.46044114,0.27739123
148,0.1063791,0.047147077,0.6787444,0.034767926,0.20833395,0.58924514,0.026730185,0.4277512,0.35976455,0.38607112,0.10762042,0.3461579,0.07567881,0.11258418,0.62660736,0.46044114,0.27739123
149,0.1063791,0.047147077,0.6787444,0.034767926,0.20833395,0.58924514,0.026730185,0.4277512,0.35976455,0.38607112,0.10762042,0.3461579,0.07567881,0.11258418,0.62660736,0.46044114,0.27739123
150,0.1063791,0.047147077,0.6787444,0.034767926,0.20833395,0.58924514,0.026730185,0.4277512,0.35976455,0.38607112,0.10762042,0.3461579,0.07567881,0.11258418,0.62660736,0.46044114,0.27739123
151,0.1063791,0.047147077,0.6787444,0.034767926,0.20833395,0.58924514,0.026730185,0.4277512,0.35976455,0.38607112,0.10762042,0.3461579,0.07567881,0.11258418,0.62660736,0.46044114,0.27739123
152,0.1063791,0.047147077,0.6787444,0.034767926,0.20833395,0.58924514,0.026730185,0.4277512,0.35976455,0.38607112,0.10762042,0.3461579,0.07567881,0.11258418,0.62660736,0.46044114,0.27739123
153,0.1063791,0.047147077,0.6787444,0.034767926,0.20833395,0.58924514,0.026730185,0.4277512,0.35976455,0.38607112,0.10762042,0.3461579,0.07567881,0.11258418,0.62660736,0.46044114,0.27739123
154,0.1063791,0.047147077,0.6787444,0.034767926,0.20833395,0.58924514,0.026730185,0.4277512,0.35976455,0.38607112,0.10762042,0.3461579,0.07567881,0.11258418,0.62660736,0.46044114,0.27739123
155,0.1063791,0.047147077,0.6787444,0.034767926,0.20833395,0.58924514,0.026730185,0.4277512,0.35976455,0.38607112,0.10762042,0.3461579,0.07567881,0.11258418,0.62660736,0.46044114,0.27739123
156,0.1063791,0.047147077,0.6787444,0.034767926,0.20833395,0.58924514,0.026730185,0.4277512,0.35976455,0.38607112,0.10762042,0.3461579,0.07567881,0.11258418,0.62660736,0.46044114,0.27739123
157,0.1063791,0.047147077,0.6787444,0.034767926,0.20833395,0.58924514,0.026730185,0.4277512,0.35976455,0.38607112,0.10762042,0.3461579,0.07567881,0.11258418,0.62660736,0.46044114,0.27739123
158,0.1063791,0.047147077,0.6787444,0.034767926,0.20833395,0.58924514,0.026730185,0.4277512,0.35976455,0.38607112,0.10762042,0.3461579,0.07567881,0.11258418,0.62660736,0.46044114,0.27739123
159,0.1063791,0.047147077,0.6787444,0.034767926,0.20833395,0.58924514,0.026730185,0.4277512,0.35976455,0.38607112,0.10762042,0.3461579,0.07567881,0.11258418,0.62660736,0.46044114,0.27739123
160,0.1063791,0.047147077,0.6787444,0.034767926,0.20833395,0.58924514,0.026730185,0.4277512,0.35976455,0.38607112,0.10762042,0.3461579,0.07567881,0.11258418,0.62660736,0.46044114,0.27739123
161,0.1063791,0.047147077,0.6787444,0.034767926,0.20833395,0.58924514,0.026730185,0.4277512,0.35976455,0.38607112,0.10762042,0.3461579,0.07567881,0.11258418,0.62660736,0.46044114,0.27739123
162,0.1063791,0.047147077,0.6787444,0.034767926,0.20833395,0.58924514,0.026730185,0.4277512,0.35976455,0.38607112,0.10762042,0.3461579,0.07567881,0.11258418,0.62660736,0.46044114,0.27739123
163,0.1063791,0.047147077,0.6787444,0.034767926,0.20833395,0.58924514,0.026730185,0.4277512,0.35976455,0.38607112,0.10762042,0.3461579,0.07567881,0.11258418,0.62660736,0.46044114,0.27739123
164,0.1063791,0.047147077,0.6787444,0.034767926,0.20833395,0.58924514,0.026730185,0.4277512,0.35976455,0.38607112,0.10762042,0.3461579,0.07567881,0.11258418,0.62660736,0.46044114,0.27739123
165,0.1063791,0.047147077,0.6787444,0.034767926,0.20833395,0.58924514,0.026730185,0.4277512,0.35976455,0.38607112,0.10762042,0.3461579,0.07567881,0.11258418,0.62660736,0.46044114,0.27739123
166,0.1063791,0.047147077,0.6787444,0.034767926,0.20833395,0.58924514,0.026730185,0.4277512,0.35976455,0.38607112,0.10762042,0.3461579,0.07567881,0.11258418,0.62660736,0.46044114,0.27739123
167,0.10637931,0.047146097,0.6787446,0.034768157,0.20833492,0.5892459,0.026729908,0.42775002,0.3597649,0.38606915,0.10761939,0.34615695,0.07567919,0.11258422,0.6266082,0.46044,0.27739027
168,0.1063791,0.047147077,0.6787444,0.034767926,0.20833395,0.58924514,0.026730185,0.4277512,0.35976455,0.38607112,0.10762042,0.3461579,0.07567881,0.11258418,0.62660736,0.46044114,0.27739123
169,0.1063791,0.047147077,0.6787444,0.034767926,0.20833395,0.58924514,0.026730185,0.4277512,0.35976455,0.38607112,0.10762042,0.3461579,0.07567881,0.11258418,0.62660736,0.46044114,0.27739123
170,0.1063791,0.047147077,0.6787444,0.034767926,0.20833395,0.58924514,0.026730185,0.4277512,0.35976455,0.38607112,0.10762042,0.3461579,0.07567881,0.11258418,0.62660736,0.46044114,0.27739123
171,0.1063791,0.047147077,0.6787444,0.034767926,0.20833395,0.58924514,0.026730185,0.4277512,0.35976455,0.38607112,0.10762042,0.3461579,0.07567881,0.11258418,0.62660736,0.46044114,0.27739123
172,0.1063791,0.047147077,0.6787444,0.034767926,0.20833395,0.58924514,0.026730185,0.4277512,0.35976455,0.38607112,0.10762042,0.3461579,0.07567881,0.11258418,0.62660736,0.46044114,0.27739123
173,0.1063791,0.047147077,0.6787444,0.034767926,0.20833395,0.58924514,0.026730185,0.4277512,0.35976455,0.38607112,0.10762042,0.3461579,0.07567881,0.11258418,0.62660736,0.46044114,0.27739123
174,0.1063791,0.047147077,0.6787444,0.034767926,0.20833395,0.58924514,0.026730185,0.4277512,0.35976455,0.38607112,0.10762042,0.3461579,0.07567881,0.11258418,0.62660736,0.46044114,0.27739123
175,0.1063791,0.047147077,0.6787444,0.034767926,0.20833395,0.58924514,0.026730185,0.4277512,0.35976455,0.38607112,0.10762042,0.3461579,0.07567881,0.11258418,0.62660736,0.46044114,0.27739123
176,0.1063791,0.047147077,0.6787444,0.034767926,0.20833395,0.58924514,0.026730185,0.4277512,0.35976455,0.38607112,0.10762042,0.3461579,0.07567881,0.11258418,0.62660736,0.46044114,0.27739123
177,0.1063791,0.047147077,0.6787444,0.034767926,0.20833395,0.58924514,0.026730185,0.4277512,0.35976455,0.38607112,0.10762042,0.3461579,0.07567881,0.11258418,0.62660736,0.46044114,0.27739123
178,0.1063791,0.047147077,0.6787444,0.034767926,0.20833395,0.58924514,0.026730185,0.4277512,0.35976455,0.38607112,0.10762042,0.3461579,0.07567881,0.11258418,0.62660736,0.46044114,0.27739123
179,0.1063791,0.047147077,0.6787444,0.034767926,0.20833395,0.58924514,0.026730185,0.4277512,0.35976455,0.38607112,0.10762042,0.3461579,0.07567881,0.11258418,0.62660736,0.46044114,0.27739123
180,0.1063791,0.047147077,0.6787444,0.034767926,0.20833395,0.58924514,0.026730185,0.4277512,0.35976455,0.38607112,0.10762042,0.3461579,0.07567881,0.11258418,0.62660736,0.46044114,0.27739123
181,0.1063791,0.047147077,0.6787444,0.034767926,0.20833395,0.58924514,0.026730185,0.4277512,0.35976455,0.38607112,0.10762042,0.3461579,0.07567881,0.11258418,0.62660736,0.46044114,0.27739123
182,0.1063791,0.047147077,0.6787444,0.034767926,0.20833395,0.58924514,0.026730185,0.4277512,0.35976455,0.38607112,0.10762042,0.3461579,0.07567881,0.11258418,0.62660736,0.46044114,0.27739123
183,0.1063791,0.047147077,0.6787444,0.034767926,0.20833395,0.58924514,0.026730185,0.4277512,0.35976455,0.38607112,0.10762042,0.3461579,0.07567881,0.11258418,0.62660736,0.46044114,0.27739123
184,0.1063791,0.047147077,0.6787444,0.034767926,0.20833395,0.58924514,0.026730185,0.4277512,0.35976455,0.38607112,0.10762042,0.3461579,0.07567881,0.11258418,0.62660736,0.46044114,0.27739123
185,0.1063791,0.047147077,0.6787444,0.034767926,0.20833395,0.58924514,0.026730185,0.4277512,0.35976455,0.38607112,0.10762042,0.3461579,0.07567881,0.11258418,0.62660736,0.46044114,0.27739123
186,0.1063791,0.047147077,0.6787444,0.034767926,0.20833395,0.58924514,0.026730185,0.4277512,0.35976455,0.38607112,0.10762042,0.3461579,0.07567881,0.11258418,0.62660736,0.46044114,0.27739123
187,0.1063791,0.047147077,0.6787444,0.034767926,0.20833395,0.58924514,0.026730185,0.4277512,0.35976455,0.38607112,0.10762042,0.3461579,0.07567881,0.11258418,0.62660736,0.46044114,0.27739123
188,0.1063791,0.047147077,0.6787444,0.034767926,0.20833395,0.58924514,0.026730185,0.4277512,0.35976455,0.38607112,0.10762042,0.3461579,0.07567881,0.11258418,0.62660736,0.46044114,0.27739123
189,0.1063791,0.047147077,0.6787444,0.034767926,0.20833395,0.58924514,0.026730185,0.4277512,0.35976455,0.38607112,0.10762042,0.3461579,0.07567881,0.11258418,0.62660736,0.46044114,0.27739123
190,0.1063791,0.047147077,0.6787444,0.034767926,0.20833395,0.58924514,0.026730185,0.4277512,0.35976455,0.38607112,0.10762042,0.3461579,0.07567881,0.11258418,0.62660736,0.46044114,0.27739123
191,0.1063791,0.047147077,0.6787444,0.034767926,0.20833395,0.58924514,0.026730185,0.4277512,0.35976455,0.38607112,0.10762042,0.3461579,0.07567881,0.11258418,0.62660736,0.46044114,0.27739123
192,0.1063791,0.047147077,0.6787444,0.034767926,0.20833395,0.58924514,0.026730185,0.4277512,0.35976455,0.38607112,0.10762042,0.3461579,0.07567881,0.11258418,0.62660736,0.46044114,0.27739123
193,0.1063791,0.047147077,0.6787444,0.034767926,0.20833395,0.58924514,0.026730185,0.4277512,0.35976455,0.38607112,0.10762042,0.3461579,0.07567881,0.11258418,0.62660736,0.46044114,0.27739123
194,0.1063791,0.047147077,0.6787444,0.034767926,0.20833395,0.58924514,0.026730185,0.4277512,0.35976455,0.38607112,0.10762042,0.3461579,0.07567881,0.11258418,0.62660736,0.46044114,0.27739123
195,0.1063791,0.047147077,0.6787444,0.034767926,0.20833395,0.58924514,0.026730185,0.4277512,0.35976455,0.38607112,0.10762042,0.3461579,0.07567881,0.11258418,0.62660736,0.46044114,0.27739123
196,0.1063791,0.047147077,0.6787444,0.034767926,0.20833395,0.58924514,0.026730185,0.4277512,0.35976455,0.38607112,0.10762042,0.3461579,0.07567881,0.11258418,0.62660736,0.46044114,0.27739123
197,0.1063791,0.047147077,0.6787444,0.034767926,0.20833395,0.58924514,0.026730185,0.4277512,0.35976455,0.38607112,0.10762042,0.3461579,0.07567881,0.11258418,0.62660736,0.46044114,0.27739123
198,0.1063791,0.047147077,0.6787444,0.034767926,0.20833395,0.58924514,0.026730185,0.4277512,0.35976455,0.38607112,0.10762042,0.3461579,0.07567881,0.11258418,0.62660736,0.46044114,0.27739123
199,0.1063791,0.047147077,0.6787444,0.034767926,0.20833395,0.58924514,0.026730185,0.4277512,0.35976455,0.38607112,0.10762042,0.3461579,0.07567881,0.11258418,0.62660736,0.46044114,0.27739123
200,0.1063791,0.047147077,0.6787444,0.034767926,0.20833395,0.58924514,0.026730185,0.4277512,0.35976455,0.38607112,0.10762042,0.3461579,0.07567881,0.11258418,0.62660736,0.46044114,0.27739123
201,0.1063791,0.047147077,0.6787444,0.034767926,0.20833395,0.58924514,0.026730185,0.4277512,0.35976455,0.38607112,0.10762042,0.3461579,0.07567881,0.11258418,0.62660736,0.46044114,0.27739123
202,0.1063791,0.047147077,0.6787444,0.034767926,0.20833395,0.58924514,0.026730185,0.4277512,0.35976455,0.38607112,0.10762042,0.3461579,0.07567881,0.11258418,0.62660736,0.46044114,0.27739123
203,0.1063791,0.047147077,0.6787444,0.034767926,0.20833395,0.58924514,0.026730185,0.4277512,0.35976455,0.38607112,0.10762042,0.3461579,0.07567881,0.11258418,0.62660736,0.46044114,0.27739123
204,0.1063791,0.047147077,0.6787444,0.034767926,0.20833395,0.58924514,0.026730185,0.4277512,0.35976455,0.38607112,0.10762042,0.3461579,0.07567881,0.11258418,0.62660736,0.46044114,0.27739123
205,0.1063791,0.047147077,0.6787444,0.034767926,0.20833395,0.58924514,0.026730185,0.4277512,0.35976455,0.38607112,0.10762042,0.3461579,0.07567881,0.11258418,0.62660736,0.46044114,0.27739123
206,0.1063791,0.047147077,0.6787444,0.034767926,0.20833395,0.58924514,0.026730185,0.4277512,0.35976455,0.38607112,0.10762042,0.3461579,0.07567881,0.11258418,0.62660736,0.46044114,0.27739123
207,0.1063791,0.047147077,0.6787444,0.034767926,0.20833395,0.58924514,0.026730185,0.4277512,0.35976455,0.38607112,0.10762042,0.3461579,0.07567881,0.11258418,0.62660736,0.46044114,0.27739123
208,0.1063791,0.047147077,0.6787444,0.034767926,0.20833395,0.58924514,0.026730185,0.4277512,0.35976455,0.38607112,0.10762042,0.3461579,0.07567881,0.11258418,0.62660736,0.46044114,0.27739123
209,0.1063791,0.047147077,0.6787444,0.034767926,0.20833395,0.58924514,0.026730185,0.4277512,0.35976455,0.38607112,0.10762042,0.3461579,0.07567881,0.11258418,0.62660736,0.46044114,0.27739123
210,0.1063791,0.047147077,0.6787444,0.034767926,0.20833395,0.58924514,0.026730185,0.4277512,0.35976455,0.38607112,0.10762042,0.3461579,0.07567881,0.11258418,0.62660736,0.46044114,0.27739123
211,0.1063791,0.047147077,0.6787444,0.034767926,0.20833395,0.58924514,0.026730185,0.4277512,0.35976455,0.38607112,0.10762042,0.3461579,0.07567881,0.11258418,0.62660736,0.46044114,0.27739123
212,0.1063791,0.047147077,0.6787444,0.034767926,0.20833395,0.58924514,0.026730185,0.4277512,0.35976455,0.38607112,0.10762042,0.3461579,0.07567881,0.11258418,0.62660736,0.46044114,0.27739123
213,0.1063791,0.047147077,0.6787444,0.034767926,0.20833395,0.58924514,0.026730185,0.4277512,0.35976455,0.38607112,0.10762042,0.3461579,0.07567881,0.11258418,0.62660736,0.46044114,0.27739123
214,0.1063791,0.047147077,0.6787444,0.034767926,0.20833395,0.58924514,0.026730185,0.4277512,0.35976455,0.38607112,0.10762042,0.3461579,0.07567881,0.11258418,0.62660736,0.46044114,0.2773912
