frame, AU01_c, AU02_c, AU04_c, AU05_c, AU06_c, AU07_c, AU09_c, AU10_c, AU12_c, AU14_c, AU15_c, AU17_c, AU20_c, AU23_c, AU25_c, AU26_c, AU45_c
0,0.034032285,0.034560353,0.3391508,0.45454338,0.2429168,0.4565323,0.0032972395,0.40736288,0.31042248,0.58154476,0.022062898,0.1788756,0.027905732,0.23836115,0.2922305,0.15372038,0.17317219
1,0.034032285,0.034560353,0.3391508,0.45454338,0.2429168,0.4565323,0.0032972395,0.40736288,0.31042248,0.58154476,0.022062898,0.1788756,0.027905732,0.23836115,0.2922305,0.15372038,0.17317219
2,0.034032285,0.034560353,0.3391508,0.45454338,0.2429168,0.4565323,0.0032972395,0.40736288,0.31042248,0.58154476,0.022062898,0.1788756,0.027905732,0.23836115,0.2922305,0.15372038,0.17317219
3,0.034032285,0.034560353,0.3391508,0.45454338,0.2429168,0.4565323,0.0032972395,0.40736288,0.31042248,0.58154476,0.022062898,0.1788756,0.027905732,0.23836115,0.2922305,0.15372038,0.17317219
4,0.034032285,0.034560353,0.3391508,0.45454338,0.2429168,0.4565323,0.0032972395,0.40736288,0.31042248,0.58154476,0.022062898,0.1788756,0.027905732,0.23836115,0.2922305,0.15372038,0.17317219
5,0.034032285,0.034560353,0.3391508,0.45454338,0.2429168,0.4565323,0.0032972395,0.40736288,0.31042248,0.58154476,0.022062898,0.1788756,0.027905732,0.23836115,0.2922305,0.15372038,0.17317219
6,0.034032285,0.034560353,0.3391508,0.45454338,0.2429168,0.4565323,0.0032972395,0.40736288,0.31042248,0.58154476,0.022062898,0.1788756,0.027905732,0.23836115,0.2922305,0.15372038,0.17317219
7,0.034032285,0.034560353,0.3391508,0.45454338,0.2429168,0.4565323,0.0032972395,0.40736288,0.31042248,0.58154476,0.022062898,0.1788756,0.027905732,0.23836115,0.2922305,0.15372038,0.17317219
8,0.034032285,0.034560353,0.3391508,0.45454338,0.2429168,0.4565323,0.0032972395,0.40736288,0.31042248,0.58154476,0.022062898,0.1788756,0.027905732,0.23836115,0.2922305,0.15372038,0.17317219
9,0.034032285,0.034560353,0.3391508,0.45454338,0.2429168,0.4565323,0.0032972395,0.40736288,0.31042248,0.58154476,0.022062898,0.1788756,0.027905732,0.23836115,0.2922305,0.15372038,0.17317219
10,0.034032285,0.034560353,0.3391508,0.45454338,0.2429168,0.4565323,0.0032972395,0.40736288,0.31042248,0.58154476,0.022062898,0.1788756,0.027905732,0.23836115,0.2922305,0.15372038,0.17317219
11,0.034032285,0.034560353,0.3391508,0.45454338,0.2429168,0.4565323,0.0032972395,0.40736288,0.31042248,0.58154476,0.022062898,0.1788756,0.027905732,0.23836115,0.2922305,0.15372038,0.17317219
12,0.034032285,0.034560353,0.3391508,0.45454338,0.2429168,0.4565323,0.0032972395,0.40736288,0.31042248,0.58154476,0.022062898,0.1788756,0.027905732,0.23836115,0.2922305,0.15372038,0.17317219
13,0.034032285,0.034560353,0.3391508,0.45454338,0.2429168,0.4565323,0.0032972395,0.40736288,0.31042248,0.58154476,0.022062898,0.1788756,0.027905732,0.23836115,0.2922305,0.15372038,0.17317219
14,0.034032285,0.034560353,0.3391508,0.45454338,0.2429168,0.4565323,0.0032972395,0.40736288,0.31042248,0.58154476,0.022062898,0.1788756,0.027905732,0.23836115,0.2922305,0.15372038,0.17317219
15,0.034032285,0.034560353,0.3391508,0.45454338,0.2429168,0.4565323,0.0032972395,0.40736288,0.31042248,0.58154476,0.022062898,0.1788756,0.027905732,0.23836115,0.2922305,0.15372038,0.17317219
16,0.034032285,0.034560353,0.3391508,0.45454338,0.2429168,0.4565323,0.0032972395,0.40736288,0.31042248,0.58154476,0.022062898,0.1788756,0.027905732,0.23836115,0.2922305,0.15372038,0.17317219
17,0.034032285,0.034560353,0.3391508,0.45454338,0.2429168,0.4565323,0.0032972395,0.40736288,0.31042248,0.58154476,0.022062898,0.1788756,0.027905732,0.23836115,0.2922305,0.15372038,0.17317219
18,0.034032285,0.034560353,0.3391508,0.45454338,0.2429168,0.4565323,0.0032972395,0.40736288,0.31042248,0.58154476,0.022062898,0.1788756,0.027905732,0.23836115,0.2922305,0.15372038,0.17317219
19,0.034032285,0.034560353,0.3391508,0.45454338,0.2429168,0.4565323,0.0032972395,0.40736288,0.31042248,0.58154476,0.022062898,0.1788756,0.027905732,0.23836115,0.2922305,0.15372038,0.17317219
20,0.034032285,0.034560353,0.3391508,0.45454338,0.2429168,0.4565323,0.0032972395,0.40736288,0.31042248,0.58154476,0.022062898,0.1788756,0.027905732,0.23836115,0.2922305,0.15372038,0.17317219
21,0.034032285,0.034560353,0.3391508,0.45454338,0.2429168,0.4565323,0.0032972395,0.40736288,0.31042248,0.58154476,0.022062898,0.1788756,0.027905732,0.23836115,0.2922305,0.15372038,0.17317219
22,0.034032285,0.034560353,0.3391508,0.45454338,0.2429168,0.4565323,0.0032972395,0.40736288,0.31042248,0.58154476,0.022062898,0.1788756,0.027905732,0.23836115,0.2922305,0.15372038,0.17317219
23,0.034032285,0.034560353,0.3391508,0.45454338,0.2429168,0.4565323,0.0032972395,0.40736288,0.31042248,0.58154476,0.022062898,0.1788756,0.027905732,0.23836115,0.2922305,0.15372038,0.17317219
24,0.034032285,0.034560353,0.3391508,0.45454338,0.2429168,0.4565323,0.0032972395,0.40736288,0.31042248,0.58154476,0.022062898,0.1788756,0.027905732,0.23836115,0.2922305,0.15372038,0.17317219
25,0.034032285,0.034560353,0.3391508,0.45454338,0.2429168,0.4565323,0.0032972395,0.40736288,0.31042248,0.58154476,0.022062898,0.1788756,0.027905732,0.23836115,0.2922305,0.15372038,0.17317219
26,0.034032285,0.034560353,0.3391508,0.45454338,0.2429168,0.4565323,0.0032972395,0.40736288,0.31042248,0.58154476,0.022062898,0.1788756,0.027905732,0.23836115,0.2922305,0.15372038,0.17317219
27,0.034032285,0.034560353,0.3391508,0.45454338,0.2429168,0.4565323,0.0032972395,0.40736288,0.31042248,0.58154476,0.022062898,0.1788756,0.027905732,0.23836115,0.2922305,0.15372038,0.17317219
28,0.034032285,0.034560353,0.3391508,0.45454338,0.2429168,0.4565323,0.0032972395,0.40736288,0.31042248,0.58154476,0.022062898,0.1788756,0.027905732,0.23836115,0.2922305,0.15372038,0.17317219
29,0.034032285,0.034560353,0.3391508,0.45454338,0.2429168,0.4565323,0.0032972395,0.40736288,0.31042248,0.58154476,0.022062898,0.1788756,0.027905732,0.23836115,0.2922305,0.15372038,0.17317219
30,0.034032285,0.034560353,0.3391508,0.45454338,0.2429168,0.4565323,0.0032972395,0.40736288,0.31042248,0.58154476,0.022062898,0.1788756,0.027905732,0.23836115,0.2922305,0.15372038,0.17317219
31,0.034032285,0.034560353,0.3391508,0.45454338,0.2429168,0.4565323,0.0032972395,0.40736288,0.31042248,0.58154476,0.022062898,0.1788756,0.027905732,0.23836115,0.2922305,0.15372038,0.17317219
32,0.034032285,0.034560353,0.3391508,0.45454338,0.2429168,0.4565323,0.0032972395,0.40736288,0.31042248,0.58154476,0.022062898,0.1788756,0.027905732,0.23836115,0.2922305,0.15372038,0.17317219
33,0.034032285,0.034560353,0.3391508,0.45454338,0.2429168,0.4565323,0.0032972395,0.40736288,0.31042248,0.58154476,0.022062898,0.1788756,0.027905732,0.23836115,0.2922305,0.15372038,0.17317219
34,0.034032285,0.034560353,0.3391508,0.45454338,0.2429168,0.4565323,0.0032972395,0.40736288,0.31042248,0.58154476,0.022062898,0.1788756,0.027905732,0.23836115,0.2922305,0.15372038,0.17317219
35,0.034032285,0.034560353,0.3391508,0.45454338,0.2429168,0.4565323,0.0032972395,0.40736288,0.31042248,0.58154476,0.022062898,0.1788756,0.027905732,0.23836115,0.2922305,0.15372038,0.17317219
36,0.034032285,0.034560353,0.3391508,0.45454338,0.2429168,0.4565323,0.0032972395,0.40736288,0.31042248,0.58154476,0.022062898,0.1788756,0.027905732,0.23836115,0.2922305,0.15372038,0.17317219
37,0.034032285,0.034560353,0.3391508,0.45454338,0.2429168,0.4565323,0.0032972395,0.40736288,0.31042248,0.58154476,0.022062898,0.1788756,0.027905732,0.23836115,0.2922305,0.15372038,0.17317219
38,0.034032285,0.034560353,0.3391508,0.45454338,0.2429168,0.4565323,0.0032972395,0.40736288,0.31042248,0.58154476,0.022062898,0.1788756,0.027905732,0.23836115,0.2922305,0.15372038,0.17317219
39,0.034032285,0.034560353,0.3391508,0.45454338,0.2429168,0.4565323,0.0032972395,0.40736288,0.31042248,0.58154476,0.022062898,0.1788756,0.027905732,0.23836115,0.2922305,0.15372038,0.17317219
40,0.034032285,0.034560353,0.3391508,0.45454338,0.2429168,0.4565323,0.0032972395,0.40736288,0.31042248,0.58154476,0.022062898,0.1788756,0.027905732,0.23836115,0.2922305,0.15372038,0.17317219
41,0.034032285,0.034560353,0.3391508,0.45454338,0.2429168,0.4565323,0.0032972395,0.40736288,0.31042248,0.58154476,0.022062898,0.1788756,0.027905732,0.23836115,0.2922305,0.15372038,0.17317219
42,0.034032285,0.034560353,0.3391508,0.45454338,0.2429168,0.4565323,0.0032972395,0.40736288,0.31042248,0.58154476,0.022062898,0.1788756,0.027905732,0.23836115,0.2922305,0.15372038,0.17317219
43,0.034032285,0.034560353,0.3391508,0.45454338,0.2429168,0.4565323,0.0032972395,0.40736288,0.31042248,0.58154476,0.022062898,0.1788756,0.027905732,0.23836115,0.2922305,0.15372038,0.17317219
44,0.034032285,0.034560353,0.3391508,0.45454338,0.2429168,0.4565323,0.0032972395,0.40736288,0.31042248,0.58154476,0.022062898,0.1788756,0.027905732,0.23836115,0.2922305,0.15372038,0.17317219
45,0.034032285,0.034560353,0.3391508,0.45454338,0.2429168,0.4565323,0.0032972395,0.40736288,0.31042248,0.58154476,0.022062898,0.1788756,0.027905732,0.23836115,0.2922305,0.15372038,0.17317219
46,0.034032285,0.034560353,0.3391508,0.45454338,0.2429168,0.4565323,0.0032972395,0.40736288,0.31042248,0.58154476,0.022062898,0.1788756,0.027905732,0.23836115,0.2922305,0.15372038,0.17317219
47,0.034032285,0.034560353,0.3391508,0.45454338,0.2429168,0.4565323,0.0032972395,0.40736288,0.31042248,0.58154476,0.022062898,0.1788756,0.027905732,0.23836115,0.2922305,0.15372038,0.17317219
48,0.034032285,0.034560353,0.3391508,0.45454338,0.2429168,0.4565323,0.0032972395,0.40736288,0.31042248,0.58154476,0.022062898,0.1788756,0.027905732,0.23836115,0.2922305,0.15372038,0.17317219
49,0.034032285,0.034560353,0.3391508,0.45454338,0.2429168,0.4565323,0.0032972395,0.40736288,0.31042248,0.58154476,0.022062898,0.1788756,0.027905732,0.23836115,0.2922305,0.15372038,0.17317219
50,0.034032285,0.034560353,0.3391508,0.45454338,0.2429168,0.4565323,0.0032972395,0.40736288,0.31042248,0.58154476,0.022062898,0.1788756,0.027905732,0.23836115,0.2922305,0.15372038,0.17317219
51,0.034032285,0.034560353,0.3391508,0.45454338,0.2429168,0.4565323,0.0032972395,0.40736288,0.31042248,0.58154476,0.022062898,0.1788756,0.027905732,0.23836115,0.2922305,0.15372038,0.17317219
52,0.034032285,0.034560353,0.3391508,0.45454338,0.2429168,0.4565323,0.0032972395,0.40736288,0.31042248,0.58154476,0.022062898,0.1788756,0.027905732,0.23836115,0.2922305,0.15372038,0.17317219
53,0.034032285,0.034560353,0.3391508,0.45454338,0.2429168,0.4565323,0.0032972395,0.40736288,0.31042248,0.58154476,0.022062898,0.1788756,0.027905732,0.23836115,0.2922305,0.15372038,0.17317219
54,0.034032285,0.034560353,0.3391508,0.45454338,0.2429168,0.4565323,0.0032972395,0.40736288,0.31042248,0.58154476,0.022062898,0.1788756,0.027905732,0.23836115,0.2922305,0.15372038,0.17317219
55,0.034032285,0.034560353,0.3391508,0.45454338,0.2429168,0.4565323,0.0032972395,0.40736288,0.31042248,0.58154476,0.022062898,0.1788756,0.027905732,0.23836115,0.2922305,0.15372038,0.17317219
56,0.034032285,0.034560353,0.3391508,0.45454338,0.2429168,0.4565323,0.0032972395,0.40736288,0.31042248,0.58154476,0.022062898,0.1788756,0.027905732,0.23836115,0.2922305,0.15372038,0.17317219
57,0.034032285,0.034560353,0.3391508,0.45454338,0.2429168,0.4565323,0.0032972395,0.40736288,0.31042248,0.58154476,0.022062898,0.1788756,0.027905732,0.23836115,0.2922305,0.15372038,0.17317219
58,0.034032285,0.034560353,0.3391508,0.45454338,0.2429168,0.4565323,0.0032972395,0.40736288,0.31042248,0.58154476,0.022062898,0.1788756,0.027905732,0.23836115,0.2922305,0.15372038,0.17317219
59,0.034032285,0.034560353,0.3391508,0.45454338,0.2429168,0.4565323,0.0032972395,0.40736288,0.31042248,0.58154476,0.022062898,0.1788756,0.027905732,0.23836115,0.2922305,0.15372038,0.17317219
60,0.034032285,0.034560353,0.3391508,0.45454338,0.2429168,0.4565323,0.0032972395,0.40736288,0.31042248,0.58154476,0.022062898,0.1788756,0.027905732,0.23836115,0.2922305,0.15372038,0.17317219
61,0.034032285,0.034560353,0.3391508,0.45454338,0.2429168,0.4565323,0.0032972395,0.40736288,0.31042248,0.58154476,0.022062898,0.1788756,0.027905732,0.23836115,0.2922305,0.15372038,0.17317219
62,0.034032285,0.034560353,0.3391508,0.45454338,0.2429168,0.4565323,0.0032972395,0.40736288,0.31042248,0.58154476,0.022062898,0.1788756,0.027905732,0.23836115,0.2922305,0.15372038,0.17317219
63,0.034032285,0.034560353,0.3391508,0.45454338,0.2429168,0.4565323,0.0032972395,0.40736288,0.31042248,0.58154476,0.022062898,0.1788756,0.027905732,0.23836115,0.2922305,0.15372038,0.17317219
64,0.034032285,0.034560353,0.3391508,0.45454338,0.2429168,0.4565323,0.0032972395,0.40736288,0.31042248,0.58154476,0.022062898,0.1788756,0.027905732,0.23836115,0.2922305,0.15372038,0.17317219
65,0.034032285,0.034560353,0.3391508,0.45454338,0.2429168,0.4565323,0.0032972395,0.40736288,0.31042248,0.58154476,0.022062898,0.1788756,0.027905732,0.23836115,0.2922305,0.15372038,0.17317219
66,0.034032285,0.034560353,0.3391508,0.45454338,0.2429168,0.4565323,0.0032972395,0.40736288,0.31042248,0.58154476,0.022062898,0.1788756,0.027905732,0.23836115,0.2922305,0.15372038,0.17317219
67,0.034032285,0.034560353,0.3391508,0.45454338,0.2429168,0.4565323,0.0032972395,0.40736288,0.31042248,0.58154476,0.022062898,0.1788756,0.027905732,0.23836115,0.2922305,0.15372038,0.17317219
68,0.034032285,0.034560353,0.3391508,0.45454338,0.2429168,0.4565323,0.0032972395,0.40736288,0.31042248,0.58154476,0.022062898,0.1788756,0.027905732,0.23836115,0.2922305,0.15372038,0.17317219
69,0.034032285,0.034560353,0.3391508,0.45454338,0.2429168,0.4565323,0.0032972395,0.40736288,0.31042248,0.58154476,0.022062898,0.1788756,0.027905732,0.23836115,0.2922305,0.15372038,0.17317219
70,0.034032285,0.034560353,0.3391508,0.45454338,0.2429168,0.4565323,0.0032972395,0.40736288,0.31042248,0.58154476,0.022062898,0.1788756,0.027905732,0.23836115,0.2922305,0.15372038,0.17317219
71,0.034032285,0.034560353,0.3391508,0.45454338,0.2429168,0.4565323,0.0032972395,0.40736288,0.31042248,0.58154476,0.022062898,0.1788756,0.027905732,0.23836115,0.2922305,0.15372038,0.17317219
72,0.034032285,0.034560353,0.3391508,0.45454338,0.2429168,0.4565323,0.0032972395,0.40736288,0.31042248,0.58154476,0.022062898,0.1788756,0.027905732,0.23836115,0.2922305,0.15372038,0.17317219
73,0.034032285,0.034560353,0.3391508,0.45454338,0.2429168,0.4565323,0.0032972395,0.40736288,0.31042248,0.58154476,0.022062898,0.1788756,0.027905732,0.23836115,0.2922305,0.15372038,0.17317219
74,0.034032285,0.034560353,0.3391508,0.45454338,0.2429168,0.4565323,0.0032972395,0.40736288,0.31042248,0.58154476,0.022062898,0.1788756,0.027905732,0.23836115,0.2922305,0.15372038,0.17317219
75,0.034032285,0.034560353,0.3391508,0.45454338,0.2429168,0.4565323,0.0032972395,0.40736288,0.31042248,0.58154476,0.022062898,0.1788756,0.027905732,0.23836115,0.2922305,0.15372038,0.17317219
76,0.034032285,0.034560353,0.3391508,0.45454338,0.2429168,0.4565323,0.0032972395,0.40736288,0.31042248,0.58154476,0.022062898,0.1788756,0.027905732,0.23836115,0.2922305,0.15372038,0.17317219
77,0.034032285,0.034560353,0.3391508,0.45454338,0.2429168,0.4565323,0.0032972395,0.40736288,0.31042248,0.58154476,0.022062898,0.1788756,0.027905732,0.23836115,0.2922305,0.15372038,0.17317219
78,0.034032285,0.034560353,0.3391508,0.45454338,0.2429168,0.4565323,0.0032972395,0.40736288,0.31042248,0.58154476,0.022062898,0.1788756,0.027905732,0.23836115,0.2922305,0.15372038,0.17317219
79,0.034032285,0.034560353,0.3391508,0.45454338,0.2429168,0.4565323,0.0032972395,0.40736288,0.31042248,0.58154476,0.022062898,0.1788756,0.027905732,0.23836115,0.2922305,0.15372038,0.17317219
80,0.034032285,0.034560353,0.3391508,0.45454338,0.2429168,0.4565323,0.0032972395,0.40736288,0.31042248,0.58154476,0.022062898,0.1788756,0.027905732,0.23836115,0.2922305,0.15372038,0.17317219
81,0.034032285,0.034560353,0.3391508,0.45454338,0.2429168,0.4565323,0.0032972395,0.40736288,0.31042248,0.58154476,0.022062898,0.1788756,0.027905732,0.23836115,0.2922305,0.15372038,0.17317219
82,0.034032285,0.034560353,0.3391508,0.45454338,0.2429168,0.4565323,0.0032972395,0.40736288,0.31042248,0.58154476,0.022062898,0.1788756,0.027905732,0.23836115,0.2922305,0.15372038,0.17317219
83,0.034032285,0.034560353,0.3391508,0.45454338,0.2429168,0.4565323,0.0032972395,0.40736288,0.31042248,0.58154476,0.022062898,0.1788756,0.027905732,0.23836115,0.2922305,0.15372038,0.17317219
84,0.034032285,0.034560353,0.3391508,0.45454338,0.2429168,0.4565323,0.0032972395,0.40736288,0.31042248,0.58154476,0.022062898,0.1788756,0.027905732,0.23836115,0.2922305,0.15372038,0.17317219
85,0.034032285,0.034560353,0.3391508,0.45454338,0.2429168,0.4565323,0.0032972395,0.40736288,0.31042248,0.58154476,0.022062898,0.1788756,0.027905732,0.23836115,0.2922305,0.15372038,0.17317219
86,0.034032285,0.034560353,0.3391508,0.45454338,0.2429168,0.4565323,0.0032972395,0.40736288,0.31042248,0.58154476,0.022062898,0.1788756,0.027905732,0.23836115,0.2922305,0.15372038,0.17317219
87,0.034032285,0.034560353,0.3391508,0.45454338,0.2429168,0.4565323,0.0032972395,0.40736288,0.31042248,0.58154476,0.022062898,0.1788756,0.027905732,0.23836115,0.2922305,0.15372038,0.17317219
88,0.034032285,0.034560353,0.3391508,0.45454338,0.2429168,0.4565323,0.0032972395,0.40736288,0.31042248,0.58154476,0.022062898,0.1788756,0.027905732,0.23836115,0.2922305,0.15372038,0.17317219
89,0.034032285,0.034560353,0.3391508,0.45454338,0.2429168,0.4565323,0.0032972395,0.40736288,0.31042248,0.58154476,0.022062898,0.1788756,0.027905732,0.23836115,0.2922305,0.15372038,0.17317219
90,0.034032285,0.034560353,0.3391508,0.45454338,0.2429168,0.4565323,0.0032972395,0.40736288,0.31042248,0.58154476,0.022062898,0.1788756,0.027905732,0.23836115,0.2922305,0.15372038,0.17317219
91,0.034032285,0.034560353,0.3391508,0.45454338,0.2429168,0.4565323,0.0032972395,0.40736288,0.31042248,0.58154476,0.022062898,0.1788756,0.027905732,0.23836115,0.2922305,0.15372038,0.17317219
92,0.034032285,0.034560353,0.3391508,0.45454338,0.2429168,0.4565323,0.0032972395,0.40736288,0.31042248,0.58154476,0.022062898,0.1788756,0.027905732,0.23836115,0.2922305,0.15372038,0.17317219
93,0.034032285,0.034560353,0.3391508,0.45454338,0.2429168,0.4565323,0.0032972395,0.40736288,0.31042248,0.58154476,0.022062898,0.1788756,0.027905732,0.23836115,0.2922305,0.15372038,0.17317219
94,0.034032285,0.034560353,0.3391508,0.45454338,0.2429168,0.4565323,0.0032972395,0.40736288,0.31042248,0.58154476,0.022062898,0.1788756,0.027905732,0.23836115,0.2922305,0.15372038,0.17317219
95,0.034032285,0.034560353,0.3391508,0.45454338,0.2429168,0.4565323,0.0032972395,0.40736288,0.31042248,0.58154476,0.022062898,0.1788756,0.027905732,0.23836115,0.2922305,0.15372038,0.17317219
96,0.034032285,0.034560353,0.3391508,0.45454338,0.2429168,0.4565323,0.0032972395,0.40736288,0.31042248,0.58154476,0.022062898,0.1788756,0.027905732,0.23836115,0.2922305,0.15372038,0.17317219
97,0.034032285,0.034560353,0.3391508,0.45454338,0.2429168,0.4565323,0.0032972395,0.40736288,0.31042248,0.58154476,0.022062898,0.1788756,0.027905732,0.23836115,0.2922305,0.15372038,0.17317219
98,0.034032285,0.034560353,0.3391508,0.45454338,0.2429168,0.4565323,0.0032972395,0.40736288,0.31042248,0.58154476,0.022062898,0.1788756,0.027905732,0.23836115,0.2922305,0.15372038,0.17317219
99,0.034032285,0.034560353,0.3391508,0.45454338,0.2429168,0.4565323,0.0032972395,0.40736288,0.31042248,0.58154476,0.022062898,0.1788756,0.027905732,0.23836115,0.2922305,0.15372038,0.17317219
100,0.034032285,0.034560353,0.3391508,0.45454338,0.2429168,0.4565323,0.0032972395,0.40736288,0.31042248,0.58154476,0.022062898,0.1788756,0.027905732,0.23836115,0.2922305,0.15372038,0.17317219
101,0.034032285,0.034560353,0.3391508,0.45454338,0.2429168,0.4565323,0.0032972395,0.40736288,0.31042248,0.58154476,0.022062898,0.1788756,0.027905732,0.23836115,0.2922305,0.15372038,0.17317219
102,0.034032285,0.034560353,0.3391508,0.45454338,0.2429168,0.4565323,0.0032972395,0.40736288,0.31042248,0.58154476,0.022062898,0.1788756,0.027905732,0.23836115,0.2922305,0.15372038,0.17317219
103,0.034032285,0.034560353,0.3391508,0.45454338,0.2429168,0.4565323,0.0032972395,0.40736288,0.31042248,0.58154476,0.022062898,0.1788756,0.027905732,0.23836115,0.2922305,0.15372038,0.17317219
104,0.034032285,0.034560353,0.3391508,0.45454338,0.2429168,0.4565323,0.0032972395,0.40736288,0.31042248,0.58154476,0.022062898,0.1788756,0.027905732,0.23836115,0.2922305,0.15372038,0.17317219
105,0.034032285,0.034560353,0.3391508,0.45454338,0.2429168,0.4565323,0.0032972395,0.40736288,0.31042248,0.58154476,0.022062898,0.1788756,0.027905732,0.23836115,0.2922305,0.15372038,0.17317219
106,0.034032285,0.034560353,0.3391508,0.45454338,0.2429168,0.4565323,0.0032972395,0.40736288,0.31042248,0.58154476,0.022062898,0.1788756,0.027905732,0.23836115,0.2922305,0.15372038,0.17317219
107,0.034032285,0.034560353,0.3391508,0.45454338,0.2429168,0.4565323,0.0032972395,0.40736288,0.31042248,0.58154476,0.022062898,0.1788756,0.027905732,0.23836115,0.2922305,0.15372038,0.17317219
108,0.034032285,0.034560353,0.3391508,0.45454338,0.2429168,0.4565323,0.0032972395,0.40736288,0.31042248,0.58154476,0.022062898,0.1788756,0.027905732,0.23836115,0.2922305,0.15372038,0.17317219
109,0.034032285,0.034560353,0.3391508,0.45454338,0.2429168,0.4565323,0.0032972395,0.40736288,0.31042248,0.58154476,0.022062898,0.1788756,0.027905732,0.23836115,0.2922305,0.15372038,0.17317219
110,0.034032285,0.034560353,0.3391508,0.45454338,0.2429168,0.4565323,0.0032972395,0.40736288,0.31042248,0.58154476,0.022062898,0.1788756,0.027905732,0.23836115,0.2922305,0.15372038,0.17317219
111,0.034032285,0.034560353,0.3391508,0.45454338,0.2429168,0.4565323,0.0032972395,0.40736288,0.31042248,0.58154476,0.022062898,0.1788756,0.027905732,0.23836115,0.2922305,0.15372038,0.17317219
112,0.034032285,0.034560353,0.3391508,0.45454338,0.2429168,0.4565323,0.0032972395,0.40736288,0.31042248,0.58154476,0.022062898,0.1788756,0.027905732,0.23836115,0.2922305,0.15372038,0.17317219
113,0.034032285,0.034560353,0.3391508,0.45454338,0.2429168,0.4565323,0.0032972395,0.40736288,0.31042248,0.58154476,0.022062898,0.1788756,0.027905732,0.23836115,0.2922305,0.15372038,0.17317219
114,0.034032285,0.034560353,0.3391508,0.45454338,0.2429168,0.4565323,0.0032972395,0.40736288,0.31042248,0.58154476,0.022062898,0.1788756,0.027905732,0.23836115,0.2922305,0.15372038,0.17317219
115,0.034032285,0.034560353,0.3391508,0.45454338,0.2429168,0.4565323,0.0032972395,0.40736288,0.31042248,0.58154476,0.022062898,0.1788756,0.027905732,0.23836115,0.2922305,0.15372038,0.17317219
116,0.034032285,0.034560353,0.3391508,0.45454338,0.2429168,0.4565323,0.0032972395,0.40736288,0.31042248,0.58154476,0.022062898,0.1788756,0.027905732,0.23836115,0.2922305,0.15372038,0.17317219
117,0.034032285,0.034560353,0.3391508,0.45454338,0.2429168,0.4565323,0.0032972395,0.40736288,0.31042248,0.58154476,0.022062898,0.1788756,0.027905732,0.23836115,0.2922305,0.15372038,0.17317219
118,0.034032285,0.034560353,0.3391508,0.45454338,0.2429168,0.4565323,0.0032972395,0.40736288,0.31042248,0.58154476,0.022062898,0.1788756,0.027905732,0.23836115,0.2922305,0.15372038,0.17317219
119,0.034032285,0.034560353,0.3391508,0.45454338,0.2429168,0.4565323,0.0032972395,0.40736288,0.31042248,0.58154476,0.022062898,0.1788756,0.027905732,0.23836115,0.2922305,0.15372038,0.17317219
120,0.034032285,0.034560353,0.3391508,0.45454338,0.2429168,0.4565323,0.0032972395,0.40736288,0.31042248,0.58154476,0.022062898,0.1788756,0.027905732,0.23836115,0.2922305,0.15372038,0.17317219
121,0.034032285,0.034560353,0.3391508,0.45454338,0.2429168,0.4565323,0.0032972395,0.40736288,0.31042248,0.58154476,0.022062898,0.1788756,0.027905732,0.23836115,0.2922305,0.15372038,0.17317219
122,0.034032285,0.034560353,0.3391508,0.45454338,0.2429168,0.4565323,0.0032972395,0.40736288,0.31042248,0.58154476,0.022062898,0.1788756,0.027905732,0.23836115,0.2922305,0.15372038,0.17317219
123,0.034032285,0.034560353,0.3391508,0.45454338,0.2429168,0.4565323,0.0032972395,0.40736288,0.31042248,0.58154476,0.022062898,0.1788756,0.027905732,0.23836115,0.2922305,0.15372038,0.17317219
124,0.034032285,0.034560353,0.3391508,0.45454338,0.2429168,0.4565323,0.0032972395,0.40736288,0.31042248,0.58154476,0.022062898,0.1788756,0.027905732,0.23836115,0.2922305,0.15372038,0.17317219
125,0.034032285,0.034560353,0.3391508,0.45454338,0.2429168,0.4565323,0.0032972395,0.40736288,0.31042248,0.58154476,0.022062898,0.1788756,0.027905732,0.23836115,0.2922305,0.15372038,0.17317219
126,0.034032285,0.034560353,0.3391508,0.45454338,0.2429168,0.4565323,0.0032972395,0.40736288,0.31042248,0.58154476,0.022062898,0.1788756,0.027905732,0.23836115,0.2922305,0.15372038,0.17317219
127,0.034032285,0.034560353,0.3391508,0.45454338,0.2429168,0.4565323,0.0032972395,0.40736288,0.31042248,0.58154476,0.022062898,0.1788756,0.027905732,0.23836115,0.2922305,0.15372038,0.17317219
128,0.034032285,0.034560353,0.3391508,0.45454338,0.2429168,0.4565323,0.0032972395,0.40736288,0.31042248,0.58154476,0.022062898,0.1788756,0.027905732,0.23836115,0.2922305,0.15372038,0.17317219
129,0.034032285,0.034560353,0.3391508,0.45454338,0.2429168,0.4565323,0.0032972395,0.40736288,0.31042248,0.58154476,0.022062898,0.1788756,0.027905732,0.23836115,0.2922305,0.15372038,0.17317219
130,0.034032285,0.034560353,0.3391508,0.45454338,0.2429168,0.4565323,0.0032972395,0.40736288,0.31042248,0.58154476,0.022062898,0.1788756,0.027905732,0.23836115,0.2922305,0.15372038,0.17317219
131,0.034032285,0.034560353,0.3391508,0.45454338,0.2429168,0.4565323,0.0032972395,0.40736288,0.31042248,0.58154476,0.022062898,0.1788756,0.027905732,0.23836115,0.2922305,0.15372038,0.17317219
132,0.034032285,0.034560353,0.3391508,0.45454338,0.2429168,0.4565323,0.0032972395,0.40736288,0.31042248,0.58154476,0.022062898,0.1788756,0.027905732,0.23836115,0.2922305,0.15372038,0.17317219
133,0.034032285,0.034560353,0.3391508,0.45454338,0.2429168,0.4565323,0.0032972395,0.40736288,0.31042248,0.58154476,0.022062898,0.1788756,0.027905732,0.23836115,0.2922305,0.15372038,0.17317219
134,0.034032285,0.034560353,0.3391508,0.45454338,0.2429168,0.4565323,0.0032972395,0.40736288,0.31042248,0.58154476,0.022062898,0.1788756,0.027905732,0.23836115,0.2922305,0.15372038,0.17317219
135,0.034032285,0.034560353,0.3391508,0.45454338,0.2429168,0.4565323,0.0032972395,0.40736288,0.31042248,0.58154476,0.022062898,0.1788756,0.027905732,0.23836115,0.2922305,0.15372038,0.17317219
136,0.034032285,0.034560353,0.3391508,0.45454338,0.2429168,0.4565323,0.0032972395,0.40736288,0.31042248,0.58154476,0.022062898,0.1788756,0.027905732,0.23836115,0.2922305,0.15372038,0.17317219
137,0.034032285,0.034560353,0.3391508,0.45454338,0.2429168,0.4565323,0.0032972395,0.40736288,0.31042248,0.58154476,0.022062898,0.1788756,0.027905732,0.23836115,0.2922305,0.15372038,0.17317219
138,0.034032285,0.034560353,0.3391508,0.45454338,0.2429168,0.4565323,0.0032972395,0.40736288,0.31042248,0.58154476,0.022062898,0.1788756,0.027905732,0.23836115,0.2922305,0.15372038,0.17317219
139,0.034032285,0.034560353,0.3391508,0.45454338,0.2429168,0.4565323,0.0032972395,0.40736288,0.31042248,0.58154476,0.022062898,0.1788756,0.027905732,0.23836115,0.2922305,0.15372038,0.17317219
140,0.034032285,0.034560353,0.3391508,0.45454338,0.2429168,0.4565323,0.0032972395,0.40736288,0.31042248,0.58154476,0.022062898,0.1788756,0.027905732,0.23836115,0.2922305,0.15372038,0.17317219
141,0.034032285,0.034560353,0.3391508,0.45454338,0.2429168,0.4565323,0.0032972395,0.40736288,0.31042248,0.58154476,0.022062898,0.1788756,0.027905732,0.23836115,0.2922305,0.15372038,0.17317219
142,0.034032285,0.034560353,0.3391508,0.45454338,0.2429168,0.4565323,0.0032972395,0.40736288,0.31042248,0.58154476,0.022062898,0.1788756,0.027905732,0.23836115,0.2922305,0.15372038,0.17317219
143,0.034032285,0.034560353,0.3391508,0.45454338,0.2429168,0.4565323,0.0032972395,0.40736288,0.31042248,0.58154476,0.022062898,0.1788756,0.027905732,0.23836115,0.2922305,0.15372038,0.17317219
144,0.034032285,0.034560353,0.3391508,0.45454338,0.2429168,0.4565323,0.0032972395,0.40736288,0.31042248,0.58154476,0.022062898,0.1788756,0.027905732,0.23836115,0.2922305,0.15372038,0.17317219
145,0.034032285,0.034560353,0.3391508,0.45454338,0.2429168,0.4565323,0.0032972395,0.40736288,0.31042248,0.58154476,0.022062898,0.1788756,0.027905732,0.23836115,0.2922305,0.15372038,0.17317219
146,0.034032285,0.034560353,0.3391508,0.45454338,0.2429168,0.4565323,0.0032972395,0.40736288,0.31042248,0.58154476,0.022062898,0.1788756,0.027905732,0.23836115,0.2922305,0.15372038,0.17317219
147,0.034032285,0.034560353,0.3391508,0.45454338,0.2429168,0.4565323,0.0032972395,0.40736288,0.31042248,0.58154476,0.022062898,0.1788756,0.027905732,0.23836115,0.2922305,0.15372038,0.17317219
148,0.034032285,0.034560353,0.3391508,0.45454338,0.2429168,0.4565323,0.0032972395,0.40736288,0.31042248,0.58154476,0.022062898,0.1788756,0.027905732,0.23836115,0.2922305,0.15372038,0.17317219
149,0.034032285,0.034560353,0.3391508,0.45454338,0.2429168,0.4565323,0.0032972395,0.40736288,0.31042248,0.58154476,0.022062898,0.1788756,0.027905732,0.23836115,0.2922305,0.15372038,0.17317219
150,0.034032285,0.034560353,0.3391508,0.45454338,0.2429168,0.4565323,0.0032972395,0.40736288,0.31042248,0.58154476,0.022062898,0.1788756,0.027905732,0.23836115,0.2922305,0.15372038,0.17317219
151,0.034032285,0.034560353,0.3391508,0.45454338,0.2429168,0.4565323,0.0032972395,0.40736288,0.31042248,0.58154476,0.022062898,0.1788756,0.027905732,0.23836115,0.2922305,0.15372038,0.17317219
152,0.034032285,0.034560353,0.3391508,0.45454338,0.2429168,0.4565323,0.0032972395,0.40736288,0.31042248,0.58154476,0.022062898,0.1788756,0.027905732,0.23836115,0.2922305,0.15372038,0.17317219
153,0.034032285,0.034560353,0.3391508,0.45454338,0.2429168,0.4565323,0.0032972395,0.40736288,0.31042248,0.58154476,0.022062898,0.1788756,0.027905732,0.23836115,0.2922305,0.15372038,0.17317219
154,0.034032285,0.034560353,0.3391508,0.45454338,0.2429168,0.4565323,0.0032972395,0.40736288,0.31042248,0.58154476,0.022062898,0.1788756,0.027905732,0.23836115,0.2922305,0.15372038,0.17317219
155,0.034032285,0.034560353,0.3391508,0.45454338,0.2429168,0.4565323,0.0032972395,0.40736288,0.31042248,0.58154476,0.022062898,0.1788756,0.027905732,0.23836115,0.2922305,0.15372038,0.17317219
156,0.034032285,0.034560353,0.3391508,0.45454338,0.2429168,0.4565323,0.0032972395,0.40736288,0.31042248,0.58154476,0.022062898,0.1788756,0.027905732,0.23836115,0.2922305,0.15372038,0.17317219
157,0.034032285,0.034560353,0.3391508,0.45454338,0.2429168,0.4565323,0.0032972395,0.40736288,0.31042248,0.58154476,0.022062898,0.1788756,0.027905732,0.23836115,0.2922305,0.15372038,0.17317219
158,0.034032285,0.034560353,0.3391508,0.45454338,0.2429168,0.4565323,0.0032972395,0.40736288,0.31042248,0.58154476,0.022062898,0.1788756,0.027905732,0.23836115,0.2922305,0.15372038,0.17317219
159,0.034032285,0.034560353,0.3391508,0.45454338,0.2429168,0.4565323,0.0032972395,0.40736288,0.31042248,0.58154476,0.022062898,0.1788756,0.027905732,0.23836115,0.2922305,0.15372038,0.17317219
160,0.034032285,0.034560353,0.3391508,0.45454338,0.2429168,0.4565323,0.0032972395,0.40736288,0.31042248,0.58154476,0.022062898,0.1788756,0.027905732,0.23836115,0.2922305,0.15372038,0.17317219
161,0.034032285,0.034560353,0.3391508,0.45454338,0.2429168,0.4565323,0.0032972395,0.40736288,0.31042248,0.58154476,0.022062898,0.1788756,0.027905732,0.23836115,0.2922305,0.15372038,0.17317219
162,0.034032285,0.034560353,0.3391508,0.45454338,0.2429168,0.4565323,0.0032972395,0.40736288,0.31042248,0.58154476,0.022062898,0.1788756,0.027905732,0.23836115,0.2922305,0.15372038,0.17317219
163,0.034032285,0.034560353,0.3391508,0.45454338,0.2429168,0.4565323,0.0032972395,0.40736288,0.31042248,0.58154476,0.022062898,0.1788756,0.027905732,0.23836115,0.2922305,0.15372038,0.17317219
164,0.034032285,0.034560353,0.3391508,0.45454338,0.2429168,0.4565323,0.0032972395,0.40736288,0.31042248,0.58154476,0.022062898,0.1788756,0.027905732,0.23836115,0.2922305,0.15372038,0.17317219
165,0.034032285,0.034560353,0.3391508,0.45454338,0.2429168,0.4565323,0.0032972395,0.40736288,0.31042248,0.58154476,0.022062898,0.1788756,0.027905732,0.23836115,0.2922305,0.15372038,0.17317219
166,0.034032285,0.034560353,0.3391508,0.45454338,0.2429168,0.4565323,0.0032972395,0.40736288,0.31042248,0.58154476,0.022062898,0.1788756,0.027905732,0.23836115,0.2922305,0.15372038,0.17317219
167,0.034032285,0.034560353,0.3391508,0.45454338,0.2429168,0.4565323,0.0032972395,0.40736288,0.31042248,0.58154476,0.022062898,0.1788756,0.027905732,0.23836115,0.2922305,0.15372038,0.17317219
168,0.034032285,0.034560353,0.3391508,0.45454338,0.2429168,0.4565323,0.0032972395,0.40736288,0.31042248,0.58154476,0.022062898,0.1788756,0.027905732,0.23836115,0.2922305,0.15372038,0.17317219
169,0.034032285,0.034560353,0.3391508,0.45454338,0.2429168,0.4565323,0.0032972395,0.40736288,0.31042248,0.58154476,0.022062898,0.1788756,0.027905732,0.23836115,0.2922305,0.15372038,0.17317219
170,0.034032285,0.034560353,0.3391508,0.45454338,0.2429168,0.4565323,0.0032972395,0.40736288,0.31042248,0.58154476,0.022062898,0.1788756,0.027905732,0.23836115,0.2922305,0.15372038,0.17317219
171,0.034032285,0.034560353,0.3391508,0.45454338,0.2429168,0.4565323,0.0032972395,0.40736288,0.31042248,0.58154476,0.022062898,0.1788756,0.027905732,0.23836115,0.2922305,0.15372038,0.17317219
172,0.034032285,0.034560353,0.3391508,0.45454338,0.2429168,0.4565323,0.0032972395,0.40736288,0.31042248,0.58154476,0.022062898,0.1788756,0.027905732,0.23836115,0.2922305,0.15372038,0.17317219
173,0.034032285,0.034560353,0.3391508,0.45454338,0.2429168,0.4565323,0.0032972395,0.40736288,0.31042248,0.58154476,0.022062898,0.1788756,0.027905732,0.23836115,0.2922305,0.15372038,0.17317219
174,0.034032285,0.034560353,0.3391508,0.45454338,0.2429168,0.4565323,0.0032972395,0.40736288,0.31042248,0.58154476,0.022062898,0.1788756,0.027905732,0.23836115,0.2922305,0.15372038,0.17317219
175,0.034032285,0.034560353,0.3391508,0.45454338,0.2429168,0.4565323,0.0032972395,0.40736288,0.31042248,0.58154476,0.022062898,0.1788756,0.027905732,0.23836115,0.2922305,0.15372038,0.17317219
176,0.034032285,0.034560353,0.3391508,0.45454338,0.2429168,0.4565323,0.0032972395,0.40736288,0.31042248,0.58154476,0.022062898,0.1788756,0.027905732,0.23836115,0.2922305,0.15372038,0.17317219
177,0.034032285,0.034560353,0.3391508,0.45454338,0.2429168,0.4565323,0.0032972395,0.40736288,0.31042248,0.58154476,0.022062898,0.1788756,0.027905732,0.23836115,0.2922305,0.15372038,0.17317219
178,0.034032285,0.034560353,0.3391508,0.45454338,0.2429168,0.4565323,0.0032972395,0.40736288,0.31042248,0.58154476,0.022062898,0.1788756,0.027905732,0.23836115,0.2922305,0.15372038,0.17317219
179,0.034032285,0.034560353,0.3391508,0.45454338,0.2429168,0.4565323,0.0032972395,0.40736288,0.31042248,0.58154476,0.022062898,0.1788756,0.027905732,0.23836115,0.2922305,0.15372038,0.17317219
180,0.034032285,0.034560353,0.3391508,0.45454338,0.2429168,0.4565323,0.0032972395,0.40736288,0.31042248,0.58154476,0.022062898,0.1788756,0.027905732,0.23836115,0.2922305,0.15372038,0.17317219
181,0.034032285,0.034560353,0.3391508,0.45454338,0.2429168,0.4565323,0.0032972395,0.40736288,0.31042248,0.58154476,0.022062898,0.1788756,0.027905732,0.23836115,0.2922305,0.15372038,0.17317219
182,0.034032285,0.034560353,0.3391508,0.45454338,0.2429168,0.4565323,0.0032972395,0.40736288,0.31042248,0.58154476,0.022062898,0.1788756,0.027905732,0.23836115,0.2922305,0.15372038,0.17317219
183,0.034032285,0.034560353,0.3391508,0.45454338,0.2429168,0.4565323,0.0032972395,0.40736288,0.31042248,0.58154476,0.022062898,0.1788756,0.027905732,0.23836115,0.2922305,0.15372038,0.17317219
184,0.034032285,0.034560353,0.3391508,0.45454338,0.2429168,0.4565323,0.0032972395,0.40736288,0.31042248,0.58154476,0.022062898,0.1788756,0.027905732,0.23836115,0.2922305,0.15372038,0.17317219
185,0.034032285,0.034560353,0.3391508,0.45454338,0.2429168,0.4565323,0.0032972395,0.40736288,0.31042248,0.58154476,0.022062898,0.1788756,0.027905732,0.23836115,0.2922305,0.15372038,0.17317219
186,0.034032285,0.034560353,0.3391508,0.45454338,0.2429168,0.4565323,0.0032972395,0.40736288,0.31042248,0.58154476,0.022062898,0.1788756,0.027905732,0.23836115,0.2922305,0.15372038,0.17317219
187,0.034032285,0.034560353,0.3391508,0.45454338,0.2429168,0.4565323,0.0032972395,0.40736288,0.31042248,0.58154476,0.022062898,0.1788756,0.027905732,0.23836115,0.2922305,0.15372038,0.17317219
188,0.034032285,0.034560353,0.3391508,0.45454338,0.2429168,0.4565323,0.0032972395,0.40736288,0.31042248,0.58154476,0.022062898,0.1788756,0.027905732,0.23836115,0.2922305,0.15372038,0.17317219
189,0.034032285,0.034560353,0.3391508,0.45454338,0.2429168,0.4565323,0.0032972395,0.40736288,0.31042248,0.58154476,0.022062898,0.1788756,0.027905732,0.23836115,0.2922305,0.15372038,0.17317219
190,0.034032285,0.034560353,0.3391508,0.45454338,0.2429168,0.4565323,0.0032972395,0.40736288,0.31042248,0.58154476,0.022062898,0.1788756,0.027905732,0.23836115,0.2922305,0.15372038,0.17317219
191,0.034032285,0.034560353,0.3391508,0.45454338,0.2429168,0.4565323,0.0032972395,0.40736288,0.31042248,0.58154476,0.022062898,0.1788756,0.027905732,0.23836115,0.2922305,0.15372038,0.17317219
192,0.034032285,0.034560353,0.3391508,0.45454338,0.2429168,0.4565323,0.0032972395,0.40736288,0.31042248,0.58154476,0.022062898,0.1788756,0.027905732,0.23836115,0.2922305,0.15372038,0.17317219
193,0.034032285,0.034560353,0.3391508,0.45454338,0.2429168,0.4565323,0.0032972395,0.40736288,0.31042248,0.58154476,0.022062898,0.1788756,0.027905732,0.23836115,0.2922305,0.15372038,0.17317219
194,0.034032285,0.034560353,0.3391508,0.45454338,0.2429168,0.4565323,0.0032972395,0.40736288,0.31042248,0.58154476,0.022062898,0.1788756,0.027905732,0.23836115,0.2922305,0.15372038,0.17317219
195,0.034032285,0.034560353,0.3391508,0.45454338,0.2429168,0.4565323,0.0032972395,0.40736288,0.31042248,0.58154476,0.022062898,0.1788756,0.027905732,0.23836115,0.2922305,0.15372038,0.17317219
196,0.034032285,0.034560353,0.3391508,0.45454338,0.2429168,0.4565323,0.0032972395,0.40736288,0.31042248,0.58154476,0.022062898,0.1788756,0.027905732,0.23836115,0.2922305,0.15372038,0.17317219
197,0.034032285,0.034560353,0.3391508,0.45454338,0.2429168,0.4565323,0.0032972395,0.40736288,0.31042248,0.58154476,0.022062898,0.1788756,0.027905732,0.23836115,0.2922305,0.15372038,0.17317219
198,0.034032285,0.034560353,0.3391508,0.45454338,0.2429168,0.4565323,0.0032972395,0.40736288,0.31042248,0.58154476,0.022062898,0.1788756,0.027905732,0.23836115,0.2922305,0.15372038,0.17317219
199,0.034032285,0.034560353,0.3391508,0.45454338,0.2429168,0.4565323,0.0032972395,0.40736288,0.31042248,0.58154476,0.022062898,0.1788756,0.027905732,0.23836115,0.2922305,0.15372038,0.17317219
200,0.034032285,0.034560353,0.3391508,0.45454338,0.2429168,0.4565323,0.0032972395,0.40736288,0.31042248,0.58154476,0.022062898,0.1788756,0.027905732,0.23836115,0.2922305,0.15372038,0.17317219
201,0.034032285,0.034560353,0.3391508,0.45454338,0.2429168,0.4565323,0.0032972395,0.40736288,0.31042248,0.58154476,0.022062898,0.1788756,0.027905732,0.23836115,0.2922305,0.15372038,0.17317219
202,0.034032285,0.034560353,0.3391508,0.45454338,0.2429168,0.4565323,0.0032972395,0.40736288,0.31042248,0.58154476,0.022062898,0.1788756,0.027905732,0.23836115,0.2922305,0.15372038,0.17317219
203,0.034032285,0.034560353,0.3391508,0.45454338,0.2429168,0.4565323,0.0032972395,0.40736288,0.31042248,0.58154476,0.022062898,0.1788756,0.027905732,0.23836115,0.2922305,0.15372038,0.17317219
204,0.034032285,0.034560353,0.3391508,0.45454338,0.2429168,0.4565323,0.0032972395,0.40736288,0.31042248,0.58154476,0.022062898,0.1788756,0.027905732,0.23836115,0.2922305,0.15372038,0.17317219
205,0.034032285,0.034560353,0.3391508,0.45454338,0.2429168,0.4565323,0.0032972395,0.40736288,0.31042248,0.58154476,0.022062898,0.1788756,0.027905732,0.23836115,0.2922305,0.15372038,0.17317219
